,school,sex,age,Medu,Fedu,at_home,health,other,services,teacher,F at_home,F health,F other,F services,F teacher,father,mother,other,traveltime,studytime,failures,schoolsup,famsup,paid,activities,higher,internet,goout,Dalc,Walc,health,absences
0,1,1,18,4,4,1,0,0,0,0,0,0,0,0,1,0,1,0,2,2,0,1,0,0,0,1,0,4,1,1,3,4
1,1,1,17,1,1,1,0,0,0,0,0,0,1,0,0,1,0,0,1,2,0,0,1,0,0,1,1,3,1,1,3,2
2,1,1,15,1,1,1,0,0,0,0,0,0,1,0,0,0,1,0,1,2,0,1,0,0,0,1,1,2,2,3,3,6
3,1,1,15,4,2,0,1,0,0,0,0,0,0,1,0,0,1,0,1,3,0,0,1,0,1,1,1,2,1,1,5,0
4,1,1,16,3,3,0,0,1,0,0,0,0,1,0,0,1,0,0,1,2,0,0,1,0,0,1,0,2,1,2,5,0
5,1,0,16,4,3,0,0,0,1,0,0,0,1,0,0,0,1,0,1,2,0,0,1,0,1,1,1,2,1,2,5,6
6,1,0,16,2,2,0,0,1,0,0,0,0,1,0,0,0,1,0,1,2,0,0,0,0,0,1,1,4,1,1,3,0
7,1,1,17,4,4,0,0,1,0,0,0,0,0,0,1,0,1,0,2,2,0,1,1,0,0,1,0,4,1,1,1,2
8,1,0,15,3,2,0,0,0,1,0,0,0,1,0,0,0,1,0,1,2,0,0,1,0,0,1,1,2,1,1,1,0
9,1,0,15,3,4,0,0,1,0,0,0,0,1,0,0,0,1,0,1,2,0,0,1,0,1,1,1,1,1,1,5,0
10,1,1,15,4,4,0,0,0,0,1,0,1,0,0,0,0,1,0,1,2,0,0,1,0,0,1,1,3,1,2,2,2
11,1,1,15,2,1,0,0,0,1,0,0,0,1,0,0,1,0,0,3,3,0,0,1,0,1,1,1,2,1,1,4,0
12,1,0,15,4,4,0,1,0,0,0,0,0,0,1,0,1,0,0,1,1,0,0,1,0,1,1,1,3,1,3,5,0
13,1,0,15,4,3,0,0,0,0,1,0,0,1,0,0,0,1,0,2,2,0,0,1,0,0,1,1,3,1,2,3,0
14,1,0,15,2,2,0,0,1,0,0,0,0,1,0,0,0,0,1,1,3,0,0,1,0,0,1,1,2,1,1,3,0
15,1,1,16,4,4,0,1,0,0,0,0,0,1,0,0,0,1,0,1,1,0,0,1,0,0,1,1,4,1,2,2,6
16,1,1,16,4,4,0,0,0,1,0,0,0,0,1,0,0,1,0,1,3,0,0,1,0,1,1,1,3,1,2,2,10
17,1,1,16,3,3,0,0,1,0,0,0,0,1,0,0,0,1,0,3,2,0,1,1,0,1,1,0,2,1,1,4,2
18,1,0,17,3,2,0,0,0,1,0,0,0,0,1,0,0,1,0,1,1,3,0,1,1,1,1,1,5,2,4,5,2
19,1,0,16,4,3,0,1,0,0,0,0,0,1,0,0,1,0,0,1,1,0,0,0,0,1,1,1,3,1,3,5,6
20,1,0,15,4,3,0,0,0,0,1,0,0,1,0,0,0,1,0,1,2,0,0,0,0,0,1,1,1,1,1,1,0
21,1,0,15,4,4,0,1,0,0,0,0,1,0,0,0,1,0,0,1,1,0,0,1,1,0,1,1,2,1,1,5,0
22,1,0,16,4,2,0,0,0,0,1,0,0,1,0,0,0,1,0,1,2,0,0,0,0,1,1,1,1,1,3,5,0
23,1,0,16,2,2,0,0,1,0,0,0,0,1,0,0,0,1,0,2,2,0,0,1,0,1,1,1,4,2,4,5,2
24,1,1,15,2,4,0,0,0,1,0,0,1,0,0,0,0,1,0,1,3,0,1,1,0,1,1,1,2,1,1,5,2
25,1,1,16,2,2,0,0,0,1,0,0,0,0,1,0,0,1,0,1,1,0,0,1,0,0,1,1,2,1,3,5,6
26,1,0,15,2,2,0,0,1,0,0,0,0,1,0,0,0,1,0,1,1,0,0,1,0,0,1,1,2,1,2,5,8
27,1,0,15,4,2,0,1,0,0,0,0,0,0,1,0,0,1,0,1,1,0,0,0,0,0,1,1,4,2,4,1,0
28,1,0,16,3,4,0,0,0,1,0,0,0,1,0,0,0,1,0,1,2,0,1,1,1,1,1,1,3,1,1,5,2
29,1,0,16,4,4,0,0,0,0,1,0,0,0,0,1,0,1,0,1,2,0,0,1,1,1,1,1,5,5,5,5,4
30,1,0,15,4,4,0,1,0,0,0,0,0,0,1,0,0,1,0,1,2,0,0,1,1,0,1,1,2,3,4,5,0
31,1,0,15,4,4,0,0,0,1,0,0,0,0,1,0,0,1,0,2,2,0,0,1,0,1,1,1,1,1,1,5,2
32,1,0,15,4,3,0,0,0,0,1,1,0,0,0,0,0,1,0,1,2,0,0,1,0,1,1,1,2,1,1,5,0
33,1,0,15,3,3,0,0,1,0,0,0,0,1,0,0,0,1,0,1,2,0,0,0,0,1,1,1,2,1,1,2,0
34,1,0,16,3,2,0,0,1,0,0,0,0,1,0,0,0,1,0,1,1,0,0,1,0,0,1,1,3,1,1,5,4
35,1,1,15,2,3,0,0,1,0,0,0,0,1,0,0,1,0,0,2,1,0,0,1,0,1,1,0,1,1,1,5,4
36,1,0,15,4,3,0,0,0,0,1,0,0,0,1,0,0,1,0,1,3,0,0,1,0,1,1,1,3,1,1,4,0
37,1,0,16,4,4,0,0,1,0,0,0,0,0,0,1,0,1,0,2,3,0,0,1,0,1,1,1,3,1,1,5,4
38,1,1,15,3,4,0,0,0,1,0,0,1,0,0,0,0,1,0,1,3,0,1,1,0,1,1,1,2,1,1,5,2
39,1,1,15,2,2,1,0,0,0,0,0,0,1,0,0,0,1,0,1,1,0,1,1,0,1,1,0,1,1,1,2,8
40,1,1,16,2,2,0,0,1,0,0,0,0,1,0,0,0,1,0,2,2,0,0,1,0,1,1,1,3,1,2,3,16
41,1,0,15,4,4,0,0,0,0,1,0,0,1,0,0,0,0,1,1,1,0,0,1,0,0,1,1,3,2,4,5,8
42,1,0,15,4,4,0,0,0,1,0,0,0,0,0,1,1,0,0,1,2,0,0,1,0,1,1,1,3,1,1,5,0
43,1,0,15,2,2,0,0,0,1,0,0,0,0,1,0,1,0,0,1,1,0,1,1,0,0,1,1,1,1,1,1,0
44,1,1,16,2,2,0,0,1,0,0,1,0,0,0,0,1,0,0,2,2,1,1,0,0,1,1,1,3,2,2,5,14
45,1,1,15,4,3,0,0,1,0,0,0,0,1,0,0,0,1,0,1,2,0,1,1,1,1,1,1,2,1,1,5,4
46,1,1,16,3,3,0,0,1,0,0,0,0,0,1,0,0,1,0,1,2,0,0,1,0,0,1,1,5,1,4,3,6
47,1,0,16,4,3,0,1,0,0,0,0,0,0,1,0,0,1,0,1,4,0,0,0,0,1,1,1,2,1,1,2,2
48,1,0,15,4,2,0,0,0,0,1,0,0,1,0,0,0,1,0,1,2,0,0,1,0,0,1,0,3,2,2,5,4
49,1,1,15,4,4,0,0,0,1,0,0,0,0,0,1,1,0,0,1,2,0,1,1,0,1,1,1,4,1,1,3,2
50,1,1,16,2,2,0,0,0,1,0,0,0,0,1,0,0,1,0,3,2,0,0,1,0,0,1,1,3,2,3,4,0
51,1,1,15,4,2,0,1,0,0,0,0,0,1,0,0,0,1,0,1,2,0,0,1,0,0,1,1,3,1,1,5,0
52,1,0,15,4,2,0,1,0,0,0,0,1,0,0,0,1,0,0,2,1,0,0,0,0,0,1,0,5,3,4,5,4
53,1,1,15,4,4,0,0,0,1,0,0,0,0,1,0,0,1,0,1,1,0,1,1,0,0,1,1,4,2,3,5,0
54,1,1,15,3,3,0,0,1,0,0,0,0,1,0,0,0,1,0,1,1,0,0,0,0,0,1,1,4,4,4,1,0
55,1,1,16,2,1,0,0,1,0,0,0,0,1,0,0,0,1,0,1,2,0,0,0,0,1,1,1,4,1,1,2,2
56,1,1,15,4,3,0,0,0,1,0,0,0,0,1,0,0,1,0,1,2,0,0,1,0,1,1,1,2,1,1,1,0
57,1,0,15,4,4,0,0,0,0,1,0,1,0,0,0,0,1,0,1,2,0,0,1,0,1,1,0,2,1,1,5,8
58,1,0,15,1,2,0,0,1,0,0,1,0,0,0,0,1,0,0,1,2,0,1,1,0,1,1,1,2,1,1,5,0
59,1,1,16,4,2,0,0,0,1,0,0,0,1,0,0,0,1,0,1,2,0,0,1,1,0,1,1,3,1,1,5,2
60,1,1,16,4,4,0,1,0,0,0,0,0,0,0,1,0,1,0,1,2,0,0,1,0,1,1,0,4,2,3,4,0
61,1,1,16,1,1,0,0,0,1,0,0,0,0,1,0,1,0,0,4,1,0,1,1,0,1,1,1,5,5,5,5,0
62,1,1,16,1,2,0,0,1,0,0,0,0,0,1,0,1,0,0,1,2,0,1,0,0,1,1,1,3,1,1,1,0
63,1,1,16,4,3,0,0,0,0,1,0,1,0,0,0,0,1,0,1,3,0,1,1,0,1,1,1,4,2,4,4,0
64,1,1,15,4,3,0,0,0,1,0,0,0,0,1,0,1,0,0,1,2,0,1,0,0,1,1,1,4,2,4,2,0
65,1,1,16,4,3,0,0,0,0,1,0,0,0,1,0,0,1,0,3,2,0,0,1,0,1,1,1,3,1,2,1,2
66,1,0,15,4,4,0,0,1,0,0,0,0,0,1,0,0,1,0,1,4,0,0,1,0,1,1,1,3,5,5,3,0
67,1,1,16,3,1,0,0,0,1,0,0,0,1,0,0,0,1,0,1,4,0,1,1,0,0,1,1,3,1,2,5,0
68,1,1,15,2,2,0,1,0,0,0,0,0,0,1,0,0,1,0,2,2,0,1,1,0,0,1,1,3,1,3,4,0
69,1,1,15,3,1,0,0,1,0,0,0,0,1,0,0,1,0,0,2,4,0,0,1,0,0,1,1,2,2,3,3,6
70,1,0,16,3,1,0,0,1,0,0,0,0,1,0,0,1,0,0,2,4,0,0,1,0,0,1,1,2,1,1,5,2
71,1,0,15,4,2,0,0,1,0,0,0,0,1,0,0,0,1,0,1,4,0,0,0,0,0,1,1,3,1,1,3,0
72,1,1,15,1,1,0,0,1,0,0,0,0,1,0,0,0,1,0,1,2,0,1,1,0,0,1,1,4,2,4,5,2
73,1,0,16,3,1,0,0,1,0,0,0,0,1,0,0,0,1,0,1,1,0,0,0,0,1,1,0,2,2,2,5,0
74,1,1,16,3,3,0,0,1,0,0,0,0,0,1,0,0,1,0,1,2,0,1,1,0,1,1,1,3,2,4,5,4
75,1,0,15,4,3,0,0,0,0,1,0,0,1,0,0,0,1,0,1,2,0,0,1,0,1,1,1,3,2,3,5,0
76,1,0,15,4,0,0,0,0,0,1,0,0,1,0,0,0,1,0,2,4,0,0,0,0,1,1,1,3,1,1,1,0
77,1,1,16,2,2,0,0,1,0,0,0,0,1,0,0,0,1,0,1,4,0,0,0,0,0,1,1,3,1,3,3,1
78,1,0,17,2,1,0,0,1,0,0,0,0,1,0,0,0,1,0,2,1,3,1,1,0,1,0,1,1,1,1,3,0
79,1,1,16,3,4,1,0,0,0,0,0,0,1,0,0,0,1,0,1,2,0,0,1,0,0,1,1,3,1,2,3,14
80,1,0,15,2,3,0,0,1,0,0,0,0,0,1,0,1,0,0,1,1,0,1,1,0,1,1,1,2,1,3,3,0
81,1,0,15,2,3,0,0,1,0,0,0,0,1,0,0,0,1,0,1,3,0,1,0,0,0,1,1,2,1,2,5,2
82,1,1,15,3,2,0,0,0,1,0,0,0,1,0,0,0,1,0,1,2,0,0,1,0,0,1,1,4,1,1,5,4
83,1,0,15,2,2,0,0,0,1,0,0,0,0,1,0,0,1,0,2,2,0,0,0,1,1,1,1,3,1,3,4,2
84,1,1,15,1,1,0,0,1,0,0,0,0,1,0,0,1,0,0,1,2,0,0,1,0,1,1,1,2,2,3,4,2
85,1,1,15,4,4,0,0,0,1,0,0,0,0,1,0,1,0,0,2,2,0,0,0,0,0,1,1,4,2,3,5,4
86,1,1,16,2,2,1,0,0,0,0,0,0,1,0,0,0,1,0,1,2,0,0,1,0,0,1,0,4,1,2,2,6
87,1,1,15,4,2,0,0,1,0,0,0,0,1,0,0,0,1,0,1,3,0,0,1,0,1,1,1,3,1,3,1,4
88,1,0,16,2,2,0,0,0,1,0,0,0,1,0,0,1,0,0,2,2,0,0,0,0,1,1,1,2,1,1,3,6
89,1,0,16,4,4,0,0,0,0,1,0,1,0,0,0,0,1,0,1,2,0,0,1,0,0,1,0,3,3,5,5,6
90,1,1,16,3,3,0,0,1,0,0,0,0,1,0,0,0,1,0,1,3,0,0,1,0,0,1,1,3,1,3,4,2
91,1,1,15,4,3,0,0,0,1,0,0,0,1,0,0,0,1,0,1,1,0,0,0,0,1,1,1,5,1,3,1,6
92,1,1,16,3,1,0,0,1,0,0,0,0,1,0,0,1,0,0,1,2,0,1,1,0,0,1,0,3,2,3,2,0
93,1,1,16,4,2,0,0,0,0,1,0,0,0,1,0,0,1,0,2,2,0,0,1,0,1,1,1,3,1,1,1,2
94,1,0,15,2,2,0,0,0,1,0,0,1,0,0,0,0,1,0,1,4,0,0,1,0,1,1,1,4,1,1,4,2
95,1,1,15,1,1,1,0,0,0,0,0,0,1,0,0,0,1,0,2,4,0,1,1,1,1,1,1,2,1,1,1,4
96,1,0,16,4,3,0,0,0,1,0,0,0,1,0,0,0,1,0,2,1,0,1,1,1,1,1,1,3,1,1,4,6
97,1,1,16,2,1,0,0,1,0,0,0,0,1,0,0,0,1,0,1,2,0,0,1,0,0,1,0,5,1,1,5,0
98,1,1,16,4,4,0,0,1,0,0,0,0,1,0,0,0,1,0,1,1,0,0,0,0,1,1,1,4,1,2,1,4
99,1,1,16,4,3,0,0,1,0,0,1,0,0,0,0,0,1,0,1,3,0,1,1,0,0,1,1,5,1,1,3,2
100,1,0,16,4,4,0,0,0,1,0,0,0,0,1,0,0,1,0,1,1,0,1,1,0,1,1,1,5,5,5,4,12
101,1,0,16,4,4,0,0,0,1,0,0,0,0,0,1,1,0,0,1,3,0,0,1,0,1,1,1,3,1,1,4,0
102,1,0,15,4,4,0,0,0,1,0,0,0,1,0,0,0,1,0,1,1,0,0,1,1,1,1,1,3,1,1,5,2
103,1,1,15,3,2,0,0,0,1,0,0,0,1,0,0,0,1,0,2,2,0,1,1,0,0,1,1,5,1,1,2,16
104,1,0,15,3,4,0,0,0,1,0,0,0,1,0,0,0,1,0,1,2,0,0,1,0,1,1,1,4,1,1,1,0
105,1,1,15,3,3,0,0,1,0,0,0,1,0,0,0,1,0,0,1,4,0,1,0,0,0,1,0,3,1,1,4,10
106,1,1,15,2,2,0,0,1,0,0,0,0,1,0,0,0,1,0,1,4,0,1,1,0,0,1,1,2,1,1,3,4
107,1,0,16,3,3,0,0,0,1,0,0,0,1,0,0,1,0,0,1,3,0,0,1,0,1,1,1,3,1,1,5,4
108,1,0,15,4,4,0,0,1,0,0,0,0,1,0,0,1,0,0,4,4,0,0,1,0,1,1,1,5,3,5,1,8
109,1,1,16,4,4,0,1,0,0,0,0,1,0,0,0,0,1,0,1,3,0,0,1,0,1,1,1,5,1,1,4,2
110,1,0,15,4,4,0,0,0,0,1,0,0,0,0,1,0,1,0,1,1,0,0,0,0,1,1,1,3,1,1,4,4
111,1,1,16,3,3,0,0,0,1,0,0,0,1,0,0,1,0,0,1,3,0,1,1,0,1,1,1,2,1,1,2,4
112,1,1,16,2,2,1,0,0,0,0,0,0,1,0,0,0,1,0,1,2,1,1,0,0,1,1,1,2,1,1,5,12
113,1,0,15,4,2,0,0,0,0,1,0,0,1,0,0,0,1,0,1,1,0,0,0,0,0,1,1,2,1,1,3,10
114,1,0,15,2,1,0,1,0,0,0,0,0,0,1,0,0,1,0,1,2,0,0,0,0,1,1,1,2,1,1,5,4
115,1,0,16,4,4,0,0,0,0,1,0,0,0,0,1,1,0,0,1,2,0,0,1,0,1,1,1,4,1,2,5,6
116,1,0,15,4,4,0,0,1,0,0,0,0,0,0,1,1,0,0,2,2,0,0,1,0,1,1,0,3,1,1,2,4
117,1,0,16,3,3,0,0,1,0,0,0,0,0,1,0,1,0,0,2,1,0,0,0,0,1,1,1,2,1,1,5,6
118,1,0,17,1,3,0,0,1,0,0,0,0,1,0,0,1,0,0,3,2,1,0,1,0,1,1,1,4,1,4,5,14
119,1,0,15,3,4,0,0,1,0,0,0,0,1,0,0,1,0,0,1,1,0,0,0,0,0,1,1,3,1,2,4,2
120,1,1,15,1,2,1,0,0,0,0,0,0,0,1,0,0,1,0,1,2,0,0,0,0,0,1,1,3,1,2,1,0
121,1,0,15,2,2,0,0,0,1,0,0,0,0,1,0,1,0,0,1,4,0,0,1,0,1,1,1,4,1,2,5,6
122,1,1,16,2,4,0,0,1,0,0,0,1,0,0,0,1,0,0,2,2,0,0,1,0,1,1,1,2,1,2,5,2
123,1,0,16,4,4,0,1,0,0,0,0,0,1,0,0,0,1,0,1,1,0,0,1,0,1,1,1,4,1,4,5,4
124,1,1,16,2,2,0,0,1,0,0,0,0,1,0,0,0,1,0,1,2,0,0,0,0,0,1,1,4,1,1,5,0
125,1,0,15,3,4,0,0,0,1,0,0,0,0,1,0,1,0,0,1,1,0,1,0,0,0,1,1,5,3,2,5,2
126,1,1,15,3,4,0,0,1,0,0,0,0,1,0,0,0,1,0,1,2,0,1,0,0,1,1,1,2,1,1,1,0
127,1,1,19,0,1,1,0,0,0,0,0,0,1,0,0,0,0,1,1,2,2,0,1,0,0,0,0,2,1,1,5,0
128,1,0,16,4,4,0,0,0,0,1,0,0,0,0,1,0,1,0,1,1,0,0,0,0,1,1,1,5,2,5,4,8
129,1,0,16,2,3,0,0,1,0,0,0,0,1,0,0,0,1,0,2,3,0,0,1,0,0,1,1,3,2,2,1,4
130,1,1,15,3,4,0,0,0,1,0,0,0,0,0,1,1,0,0,2,3,0,0,1,0,0,1,1,2,2,2,5,0
131,1,1,18,2,1,0,0,0,1,0,0,0,1,0,0,0,1,0,1,2,3,0,1,0,1,0,1,5,1,3,5,10
132,1,1,17,2,1,0,0,1,0,0,0,0,1,0,0,0,1,0,3,1,0,0,1,0,0,1,1,2,1,2,5,8
133,1,1,15,1,1,1,0,0,0,0,0,0,1,0,0,0,1,0,3,1,0,0,1,0,1,1,1,3,1,2,4,6
134,1,1,17,2,2,0,0,1,0,0,0,0,1,0,0,1,0,0,1,1,0,0,1,0,0,1,1,4,1,3,5,2
135,1,1,16,3,4,0,0,0,1,0,0,0,1,0,0,1,0,0,1,1,0,0,0,0,0,1,1,1,1,4,5,12
136,1,0,16,2,1,1,0,0,0,0,0,0,1,0,0,0,1,0,4,1,0,0,0,0,0,1,0,1,1,1,2,4
137,1,1,16,2,2,0,0,1,0,0,0,0,1,0,0,0,1,0,1,1,1,0,0,0,0,1,0,4,1,1,5,12
138,1,0,15,3,4,1,0,0,0,0,0,0,0,0,1,0,1,0,4,2,0,0,1,0,0,1,0,3,1,1,5,2
139,1,1,15,4,4,0,0,0,1,0,1,0,0,0,0,0,1,0,1,3,0,0,1,0,1,1,1,3,1,1,5,4
140,1,0,17,3,4,1,0,0,0,0,0,0,1,0,0,0,1,0,3,2,0,0,0,0,0,1,0,5,2,4,5,2
141,1,1,16,1,1,1,0,0,0,0,0,0,1,0,0,0,1,0,4,2,0,0,1,0,0,1,0,3,1,1,3,0
142,1,0,18,3,1,0,0,0,1,0,0,0,0,1,0,0,1,0,2,1,0,0,0,0,1,1,1,4,4,5,4,2
143,1,1,18,3,2,0,0,1,0,0,0,0,0,1,0,0,0,1,1,3,0,0,1,0,1,1,1,3,5,1,5,10
144,1,1,16,1,1,0,0,1,0,0,0,0,0,1,0,0,1,0,2,1,0,0,1,0,1,1,0,3,1,2,1,8
145,1,1,16,3,3,0,0,1,0,0,0,0,1,0,0,0,0,1,2,1,0,0,1,0,1,1,1,2,1,1,5,4
146,1,0,16,1,1,0,0,0,1,0,0,0,1,0,0,0,1,0,1,2,2,0,0,0,0,1,0,4,1,3,5,0
147,1,1,15,4,4,0,0,0,0,1,0,0,0,0,1,0,1,0,2,1,0,0,0,0,1,1,1,2,1,1,5,6
148,1,1,15,1,1,0,0,1,0,0,0,0,1,0,0,0,1,0,3,1,1,0,0,0,1,1,1,5,1,1,1,2
149,1,0,15,4,3,0,0,0,0,1,0,0,0,1,0,1,0,0,2,4,0,1,1,0,0,1,1,2,1,1,3,6
150,1,1,15,3,3,0,0,0,1,0,0,0,0,1,0,0,1,0,1,2,0,0,0,0,0,1,0,2,2,3,1,24
151,1,0,16,4,4,0,0,0,1,0,0,0,0,1,0,0,1,0,1,3,0,0,1,0,1,1,1,3,1,3,5,0
152,1,0,16,2,2,0,0,0,1,0,0,0,0,1,0,1,0,0,2,1,0,0,1,0,1,1,1,3,2,2,2,4
153,1,1,15,4,4,0,0,0,0,1,0,0,0,1,0,0,1,0,1,3,0,0,1,0,1,1,1,2,1,1,5,2
154,1,1,16,1,1,1,0,0,0,0,1,0,0,0,0,0,1,0,1,1,0,0,0,0,0,1,1,4,3,3,1,4
155,1,0,17,2,1,0,0,1,0,0,0,0,1,0,0,0,1,0,1,1,0,0,1,0,0,1,1,5,1,2,5,22
156,1,1,15,1,1,0,0,1,0,0,0,0,0,1,0,1,0,0,1,2,0,0,1,0,0,1,1,2,1,2,5,0
157,1,1,15,2,1,1,0,0,0,0,0,0,1,0,0,0,1,0,2,1,0,0,1,0,1,0,1,2,1,1,5,0
158,1,1,15,3,2,0,1,0,0,0,0,0,0,1,0,1,0,0,1,2,1,0,1,0,0,1,1,2,1,1,3,2
159,1,1,15,1,2,1,0,0,0,0,0,0,1,0,0,0,1,0,1,2,0,0,1,0,0,1,1,2,1,1,5,6
160,1,1,15,1,2,1,0,0,0,0,0,0,0,1,0,1,0,0,1,2,0,0,0,0,0,1,0,4,2,4,1,6
161,1,0,16,4,4,0,0,0,0,1,0,0,0,0,1,0,1,0,1,1,0,0,1,0,0,0,1,2,2,1,5,16
162,1,0,15,2,1,0,0,0,1,0,0,0,1,0,0,0,1,0,4,1,0,0,0,0,0,1,1,5,2,5,5,0
163,1,0,18,1,1,0,0,1,0,0,0,0,1,0,0,0,1,0,1,1,2,0,0,0,0,0,1,5,2,5,4,0
164,1,0,16,2,1,1,0,0,0,0,0,0,1,0,0,0,1,0,1,1,1,0,0,0,1,1,0,4,3,5,5,6
165,1,1,15,3,3,0,0,0,1,0,0,0,0,1,0,0,0,1,2,3,0,0,1,1,1,1,1,1,2,3,3,2
166,1,0,19,3,2,0,0,0,1,0,1,0,0,0,0,0,1,0,1,1,0,0,1,0,0,0,1,4,1,1,4,6
167,1,1,17,4,4,0,0,1,0,0,0,0,0,0,1,0,1,0,1,1,0,1,1,0,0,1,0,1,1,1,4,0
168,1,0,15,2,3,1,0,0,0,0,0,0,0,1,0,0,1,0,1,2,0,1,0,1,1,1,0,4,1,1,1,0
169,1,0,17,1,2,0,0,1,0,0,0,0,1,0,0,0,1,0,1,1,3,0,0,0,0,1,0,2,3,3,5,14
170,1,1,18,1,1,1,0,0,0,0,0,0,1,0,0,0,1,0,3,1,3,0,1,0,1,1,0,5,1,5,4,6
171,1,0,16,2,2,1,0,0,0,0,0,0,1,0,0,0,1,0,3,1,0,0,0,0,0,1,0,2,1,2,3,4
172,1,0,16,3,3,0,0,1,0,0,0,0,0,1,0,1,0,0,1,2,1,0,1,0,0,1,1,5,4,4,5,0
173,1,0,16,1,2,0,1,0,0,0,0,0,0,1,0,0,1,0,2,1,2,0,0,0,0,1,1,5,3,5,5,0
174,1,0,17,2,1,1,0,0,0,0,0,0,1,0,0,0,1,0,2,1,1,0,0,1,1,0,1,2,2,2,5,8
175,1,0,17,3,2,0,0,1,0,0,0,0,1,0,0,0,1,0,2,2,2,1,1,0,0,1,1,4,1,4,3,4
176,1,0,15,1,2,0,0,1,0,0,0,0,1,0,0,0,1,0,2,1,0,0,0,0,1,1,0,4,2,4,5,2
177,1,0,16,1,3,1,0,0,0,0,0,0,0,1,0,1,0,0,1,1,1,0,0,0,0,0,1,3,1,4,2,2
178,1,0,17,1,1,0,0,1,0,0,0,0,0,1,0,0,1,0,4,2,0,0,0,0,1,0,0,5,1,5,5,0
179,1,0,17,3,2,0,0,0,1,0,0,0,0,1,0,0,1,0,2,1,3,0,1,0,1,0,0,2,1,1,2,10
180,1,0,16,2,2,0,0,1,0,0,0,0,1,0,0,1,0,0,1,2,0,0,0,0,0,0,1,5,2,4,4,0
181,1,1,16,4,2,0,1,0,0,0,0,0,0,1,0,1,0,0,1,2,0,0,0,0,0,1,1,3,1,1,3,0
182,1,1,16,2,2,0,0,1,0,0,0,0,1,0,0,0,1,0,1,2,0,0,1,0,0,1,1,5,1,1,4,0
183,1,1,16,4,4,0,1,0,0,0,0,1,0,0,0,0,1,0,1,2,0,0,1,0,0,1,1,2,1,1,3,0
184,1,0,16,3,4,0,0,1,0,0,0,0,1,0,0,1,0,0,3,1,1,0,1,0,1,1,1,5,2,4,2,4
185,1,0,16,1,0,0,0,1,0,0,0,0,1,0,0,0,1,0,2,2,0,0,1,0,1,1,1,2,1,1,3,0
186,1,0,17,4,4,0,0,0,0,1,0,0,1,0,0,0,1,0,1,2,0,0,1,0,1,1,1,4,1,3,5,0
187,1,1,16,1,3,1,0,0,0,0,0,0,0,1,0,0,1,0,1,2,0,0,0,0,1,1,1,5,1,1,3,0
188,1,1,16,3,3,0,0,1,0,0,0,0,1,0,0,0,1,0,2,2,0,0,1,0,1,1,1,5,1,1,4,0
189,1,0,17,4,3,0,0,0,0,1,0,0,1,0,0,0,1,0,2,2,0,0,0,0,1,1,1,4,4,4,4,0
190,1,1,16,2,2,0,0,0,1,0,0,0,1,0,0,0,1,0,2,2,0,0,0,0,1,1,1,4,1,4,5,0
191,1,0,17,3,3,0,0,1,0,0,0,0,1,0,0,1,0,0,1,2,0,0,0,0,1,1,1,4,1,4,4,4
192,1,0,16,4,2,0,0,0,0,1,0,0,0,1,0,0,1,0,1,1,0,0,1,0,1,1,1,3,3,4,3,8
193,1,0,17,4,3,0,0,1,0,0,0,0,1,0,0,0,1,0,1,2,0,0,1,1,1,1,1,3,1,1,2,4
194,1,0,16,4,3,0,0,0,0,1,0,0,1,0,0,0,1,0,1,2,0,0,1,1,1,1,1,3,2,3,3,4
195,1,0,16,3,3,0,0,0,1,0,0,0,1,0,0,0,1,0,1,2,0,0,0,0,1,1,1,3,1,2,3,0
196,1,1,17,2,4,0,0,0,1,0,0,0,0,1,0,1,0,0,1,2,0,0,1,0,1,1,0,2,2,3,5,0
197,1,1,17,3,3,0,0,1,0,0,0,0,1,0,0,0,1,0,1,2,0,0,1,0,1,1,1,3,2,3,1,32
198,1,1,16,3,2,0,0,1,0,0,0,0,1,0,0,0,1,0,1,2,0,0,1,0,0,1,1,2,1,2,1,8
199,1,0,17,3,3,0,0,0,1,0,0,0,0,1,0,0,1,0,1,2,0,0,1,0,1,1,1,4,2,3,4,6
200,1,0,16,1,2,0,0,0,1,0,0,0,0,1,0,0,1,0,1,1,0,0,1,0,1,1,1,3,1,2,3,0
201,1,0,16,2,1,0,0,1,0,0,0,0,1,0,0,0,1,0,1,2,0,0,0,0,1,1,1,3,1,2,5,0
202,1,1,17,3,3,0,1,0,0,0,0,0,1,0,0,0,1,0,1,2,0,0,1,0,0,1,1,3,1,3,3,10
203,1,0,17,1,2,1,0,0,0,0,0,0,1,0,0,0,1,0,1,2,0,0,0,0,0,1,0,3,1,5,3,6
204,1,1,16,2,3,0,0,0,1,0,0,0,0,1,0,0,1,0,1,2,0,0,0,0,0,1,1,3,1,1,2,6
205,1,1,17,1,1,1,0,0,0,0,0,0,0,1,0,0,1,0,1,2,0,0,0,0,1,1,1,3,1,1,3,0
206,1,0,17,1,2,1,0,0,0,0,0,0,0,1,0,0,0,1,2,2,0,0,0,0,1,1,1,4,4,5,5,16
207,1,0,16,3,3,0,0,0,1,0,0,0,0,1,0,0,1,0,1,1,0,0,1,0,1,1,1,2,3,4,5,0
208,1,0,16,2,3,0,0,1,0,0,0,0,1,0,0,1,0,0,2,1,0,0,0,0,0,1,1,3,1,1,3,0
209,1,1,17,2,4,0,0,0,1,0,0,0,0,1,0,1,0,0,1,2,0,0,0,0,1,1,1,2,1,1,5,8
210,1,0,17,4,4,0,0,0,1,0,0,0,0,0,1,0,1,0,1,1,0,0,0,0,0,1,1,3,1,2,5,4
211,1,0,16,3,3,0,0,0,0,1,0,0,1,0,0,1,0,0,3,1,0,0,1,0,1,1,1,4,3,5,3,16
212,1,1,17,4,4,0,0,0,1,0,0,0,0,0,1,0,1,0,2,1,1,0,1,0,0,1,1,4,2,3,2,30
213,1,1,16,4,4,0,0,0,0,1,0,0,0,0,1,0,1,0,1,2,0,0,1,0,0,1,1,2,1,2,3,0
214,1,1,16,4,3,0,1,0,0,0,0,0,1,0,0,0,1,0,1,2,0,0,1,0,1,1,1,5,1,5,2,2
215,1,1,16,2,3,0,0,1,0,0,0,0,1,0,0,0,1,0,1,2,0,1,1,0,1,1,0,3,1,3,4,4
216,1,1,17,1,1,0,0,1,0,0,0,0,1,0,0,0,1,0,1,2,0,0,1,0,0,1,0,4,1,3,1,0
217,1,1,17,2,2,0,0,1,0,0,0,0,1,0,0,0,1,0,1,1,0,0,1,0,0,1,1,2,1,2,3,21
218,1,1,16,2,2,0,0,0,1,0,0,0,0,1,0,0,1,0,2,4,0,0,1,0,1,1,1,5,1,1,5,6
219,1,1,17,3,4,1,0,0,0,0,0,0,0,1,0,0,1,0,1,3,1,0,1,1,0,1,1,3,3,4,5,14
220,1,1,16,3,1,0,0,0,1,0,0,0,1,0,0,0,1,0,1,2,0,0,1,0,0,1,1,3,2,2,4,2
221,1,1,16,4,3,0,0,0,0,1,0,0,1,0,0,0,1,0,1,2,0,0,0,0,1,1,1,2,1,1,1,4
222,1,1,16,1,1,1,0,0,0,0,0,0,1,0,0,0,1,0,2,1,0,0,1,0,0,1,0,2,1,4,5,2
223,1,1,17,4,3,0,0,0,0,1,0,0,1,0,0,0,1,0,2,3,0,0,1,0,1,1,1,2,1,1,4,0
224,1,1,19,3,3,0,0,1,0,0,0,0,1,0,0,0,0,1,1,4,0,0,1,0,1,1,1,3,1,2,3,4
225,1,0,17,4,4,0,0,0,1,0,0,0,1,0,0,0,1,0,1,2,0,0,1,0,0,1,1,5,4,5,3,15
226,1,1,16,2,2,0,0,1,0,0,0,0,1,0,0,0,1,0,1,2,0,1,1,0,0,1,1,4,1,1,4,0
227,1,0,18,2,2,0,0,0,1,0,0,0,1,0,0,0,1,0,1,2,0,0,1,0,1,1,1,4,2,4,5,10
228,1,1,17,4,4,0,0,0,1,0,0,0,1,0,0,0,1,0,1,1,0,0,1,0,0,1,0,1,1,2,3,6
229,1,1,17,3,2,0,0,1,0,0,0,0,1,0,0,0,1,0,2,2,0,0,0,0,0,1,1,4,1,3,1,2
230,1,1,17,4,3,0,0,1,0,0,0,0,1,0,0,0,1,0,1,2,0,0,0,0,0,1,1,5,2,4,1,16
231,1,0,18,3,3,0,0,0,1,0,0,1,0,0,0,1,0,0,1,2,0,0,1,0,0,1,1,4,2,4,4,10
232,1,1,17,2,3,1,0,0,0,0,0,0,1,0,0,1,0,0,2,1,0,0,1,0,0,1,0,3,1,4,3,4
233,1,1,17,2,2,1,0,0,0,0,1,0,0,0,0,0,1,0,1,3,0,0,1,0,1,1,1,3,1,1,4,0
234,1,1,17,2,1,1,0,0,0,0,0,0,0,1,0,0,1,0,2,2,0,0,1,0,1,1,1,5,1,2,5,0
235,1,1,17,1,1,1,0,0,0,0,0,0,1,0,0,0,1,0,1,3,0,0,1,0,1,1,0,4,1,1,5,12
236,1,1,16,2,3,0,0,0,1,0,0,0,0,0,1,0,1,0,1,2,0,1,0,0,0,1,1,1,1,1,3,0
237,1,0,18,2,2,0,0,1,0,0,0,0,1,0,0,0,1,0,2,2,3,0,1,1,0,1,1,3,5,5,4,9
238,1,1,16,4,4,0,0,0,0,1,0,0,0,1,0,0,1,0,1,3,0,0,1,0,1,1,1,2,1,1,5,4
239,1,1,18,3,1,0,0,1,0,0,0,0,1,0,0,0,1,0,1,2,0,0,0,0,1,1,1,3,1,1,4,4
240,1,1,17,3,2,0,0,1,0,0,0,0,1,0,0,0,1,0,1,2,0,0,0,0,1,1,1,4,1,3,3,2
241,1,0,17,2,3,0,0,0,1,0,0,0,0,1,0,1,0,0,1,2,0,0,1,0,0,1,1,3,1,3,3,0
242,1,0,18,2,1,1,0,0,0,0,0,0,1,0,0,0,1,0,4,2,0,1,1,0,1,1,1,2,4,5,3,2
243,1,1,17,2,1,0,0,1,0,0,0,0,1,0,0,0,1,0,2,3,0,0,0,0,1,1,1,3,1,2,3,0
244,1,1,17,4,3,0,1,0,0,0,0,0,1,0,0,1,0,0,1,2,0,0,0,0,1,1,1,3,1,2,3,0
245,1,0,17,2,2,0,0,1,0,0,0,0,1,0,0,1,0,0,2,2,0,0,1,0,1,1,1,2,1,1,1,0
246,1,0,17,4,4,0,0,0,0,1,0,0,0,0,1,0,1,0,1,2,0,1,1,0,1,1,1,5,1,3,2,0
247,1,0,16,4,4,0,1,0,0,0,0,0,1,0,0,1,0,0,1,2,0,0,1,0,1,1,1,4,2,4,1,0
248,1,0,16,1,1,0,0,1,0,0,0,0,1,0,0,0,1,0,2,2,0,0,1,0,0,1,1,2,1,1,5,2
249,1,0,16,3,2,1,0,0,0,0,0,0,1,0,0,0,1,0,2,3,0,0,0,0,1,1,1,3,1,3,2,0
250,1,0,17,2,2,0,0,1,0,0,0,0,1,0,0,1,0,0,1,2,0,0,0,0,1,1,1,2,5,5,4,0
251,1,1,16,2,1,0,0,1,0,0,0,0,1,0,0,0,1,0,1,1,0,0,0,0,0,1,1,2,1,1,5,4
252,1,1,16,4,1,0,0,1,0,0,0,0,1,0,0,0,1,0,1,2,0,0,0,0,1,1,1,3,1,2,5,0
253,1,1,18,2,4,0,0,0,1,0,0,0,1,0,0,0,1,0,2,2,1,0,1,0,0,1,1,3,1,1,3,18
254,1,1,18,2,2,1,0,0,0,0,0,0,0,1,0,0,1,0,1,2,1,0,1,0,0,1,1,1,1,1,5,16
255,1,1,18,3,3,0,0,1,0,0,0,0,1,0,0,0,1,0,2,1,1,0,0,0,0,0,1,1,1,1,3,14
256,1,0,18,2,2,0,0,1,0,0,1,0,0,0,0,0,0,1,1,1,1,0,1,0,1,0,1,3,2,2,1,26
257,1,0,17,4,4,0,0,0,0,1,0,0,0,0,1,0,1,0,1,1,0,0,1,0,1,1,1,1,1,2,5,6
258,1,1,17,3,2,0,0,1,0,0,0,0,1,0,0,1,0,0,1,2,0,0,0,0,1,1,0,2,1,1,3,4
259,1,1,17,1,1,1,0,0,0,0,1,0,0,0,0,0,1,0,1,3,0,0,1,0,1,1,1,2,1,2,4,10
260,1,1,16,1,2,0,0,1,0,0,0,0,1,0,0,0,1,0,1,1,0,0,0,0,0,0,1,5,1,2,5,4
261,1,1,17,2,1,1,0,0,0,0,0,0,0,1,0,0,1,0,3,2,0,0,0,0,1,1,0,1,1,1,3,2
262,1,1,17,1,4,0,0,1,0,0,0,0,1,0,0,0,0,1,4,1,1,0,1,0,0,1,1,4,1,1,5,14
263,1,0,18,2,2,0,0,1,0,0,0,0,0,1,0,1,0,0,1,2,0,0,0,0,0,0,1,4,3,5,2,16
264,1,1,17,2,2,0,0,1,0,0,0,0,1,0,0,0,1,0,1,1,1,0,1,0,0,0,1,2,1,1,1,8
265,1,1,17,1,1,1,0,0,0,0,0,0,1,0,0,0,1,0,2,3,0,0,0,0,1,1,1,3,1,3,5,4
266,1,1,17,4,2,0,0,0,0,1,0,0,1,0,0,0,1,0,1,2,0,0,1,0,1,1,0,2,1,1,4,4
267,1,0,17,4,3,0,1,0,0,0,0,0,1,0,0,0,1,0,2,2,0,0,0,0,1,1,1,5,1,4,5,8
268,1,0,17,4,4,0,0,0,0,1,0,0,1,0,0,0,1,0,2,2,0,0,1,0,0,1,1,3,2,3,4,0
269,1,0,16,4,3,0,0,0,0,1,0,0,1,0,0,0,1,0,1,1,0,0,0,0,1,1,1,5,1,1,3,7
270,1,0,16,4,4,0,0,0,1,0,0,0,0,1,0,0,1,0,1,1,0,0,0,1,1,1,1,2,1,2,5,4
271,1,1,17,4,4,0,0,0,0,1,0,0,0,1,0,0,1,0,1,2,0,0,1,1,0,1,1,1,1,4,5,2
272,1,0,17,1,1,0,0,1,0,0,0,0,1,0,0,1,0,0,2,3,0,0,0,0,0,1,1,3,1,1,1,2
273,1,1,17,3,3,0,0,0,1,0,0,0,1,0,0,0,1,0,2,3,0,0,1,0,0,1,1,2,2,3,5,10
274,1,1,17,1,1,1,0,0,0,0,0,0,1,0,0,0,1,0,1,2,0,1,0,0,0,1,0,2,1,1,4,10
275,1,1,18,2,1,0,0,1,0,0,0,0,1,0,0,0,0,1,2,3,0,0,1,0,0,1,1,4,1,1,3,10
276,1,0,16,2,1,0,0,1,0,0,0,0,1,0,0,0,1,0,3,1,0,0,0,0,0,1,1,3,1,1,4,7
277,1,1,17,1,1,0,0,1,0,0,0,0,0,1,0,1,0,0,1,2,0,0,1,0,0,1,0,4,1,2,5,4
278,1,0,17,2,3,0,0,1,0,0,0,0,1,0,0,1,0,0,2,1,0,0,0,0,0,1,1,2,1,1,2,2
279,1,0,22,3,1,0,0,0,1,0,0,0,0,1,0,0,1,0,1,1,3,0,0,0,0,0,1,5,5,5,1,12
280,1,0,18,3,3,0,0,1,0,0,0,0,0,1,0,0,1,0,1,2,0,0,1,0,0,1,1,3,1,3,5,8
281,1,0,16,0,2,0,0,1,0,0,0,0,1,0,0,0,1,0,1,1,0,0,0,0,0,1,1,2,2,4,5,0
282,1,0,18,3,2,0,0,0,1,0,0,0,1,0,0,0,1,0,2,1,0,0,0,0,0,0,1,5,2,4,5,8
283,1,0,16,3,3,1,0,0,0,0,0,0,1,0,0,0,0,1,3,2,1,1,1,0,0,1,1,3,1,3,2,4
284,1,0,18,2,1,0,0,0,1,0,0,0,0,1,0,0,1,0,1,1,2,0,0,0,0,0,1,5,2,5,5,4
285,1,0,16,2,1,0,0,1,0,0,0,0,1,0,0,0,1,0,2,1,0,0,0,0,1,1,0,2,1,3,3,2
286,1,0,17,2,1,0,0,1,0,0,0,0,1,0,0,0,1,0,1,1,0,0,0,0,0,1,1,2,2,4,5,0
287,1,0,17,1,1,0,1,0,0,0,0,0,1,0,0,0,1,0,2,1,1,0,1,0,1,1,1,4,1,2,5,0
288,1,1,18,2,1,0,0,1,0,0,0,0,1,0,0,0,1,0,1,2,0,0,1,0,0,1,1,4,1,3,5,2
289,1,1,17,4,2,0,0,0,0,1,0,0,0,1,0,0,1,0,1,4,0,0,1,0,1,1,1,3,1,1,4,2
290,1,1,19,2,2,0,0,0,1,0,0,0,0,1,0,0,1,0,1,2,0,0,1,0,0,1,1,3,1,1,5,0
291,1,0,18,2,1,0,0,0,1,0,0,0,1,0,0,0,1,0,3,2,1,0,0,0,1,0,1,5,4,4,5,4
292,1,1,17,4,2,0,0,1,0,0,0,0,1,0,0,0,1,0,1,3,0,0,1,0,1,1,1,4,1,3,5,2
293,1,1,18,1,1,0,0,1,0,0,1,0,0,0,0,0,1,0,1,3,0,0,1,0,0,1,0,3,2,3,3,4
294,1,1,18,2,2,0,0,1,0,0,0,0,1,0,0,0,1,0,1,2,0,1,0,0,0,1,0,3,1,1,5,4
295,1,0,19,4,3,0,0,0,1,0,1,0,0,0,0,0,1,0,1,2,0,0,1,0,0,1,1,1,1,1,1,4
296,1,0,18,2,1,0,0,1,0,0,0,0,1,0,0,0,1,0,1,2,0,0,0,0,1,1,1,4,1,2,4,2
297,1,0,17,2,2,0,0,1,0,0,0,0,0,1,0,0,1,0,2,1,0,0,0,0,0,0,0,2,1,1,4,0
298,1,1,17,2,2,0,0,0,1,0,0,0,0,1,0,1,0,0,1,4,0,0,0,0,1,1,1,1,1,1,2,2
299,1,1,20,2,1,0,0,1,0,0,0,0,1,0,0,0,0,1,2,2,0,0,1,1,1,0,1,3,1,2,2,8
300,1,1,18,4,3,0,0,0,1,0,0,0,1,0,0,1,0,0,1,2,0,0,1,0,0,1,1,2,1,3,2,2
301,1,0,18,4,3,0,0,0,0,1,0,0,1,0,0,0,1,0,1,2,0,0,1,0,0,1,1,2,1,1,3,2
302,1,0,18,3,2,0,0,1,0,0,0,0,1,0,0,0,1,0,1,3,0,0,0,0,1,1,0,2,1,1,3,2
303,1,1,17,3,3,0,0,1,0,0,0,0,1,0,0,0,1,0,1,3,0,0,0,0,1,1,0,3,1,1,4,2
304,1,1,18,2,2,1,0,0,0,0,0,0,0,1,0,0,1,0,1,3,0,0,1,0,1,1,1,3,1,1,3,0
305,1,0,17,2,2,0,0,1,0,0,0,0,1,0,0,1,0,0,2,1,0,0,0,0,0,0,1,4,2,3,4,8
306,1,0,18,3,4,0,0,1,0,0,0,0,1,0,0,0,1,0,2,2,0,0,1,0,1,1,1,5,3,4,1,6
307,1,0,17,3,1,0,0,0,1,0,0,0,1,0,0,0,1,0,1,2,0,0,0,0,1,1,1,4,3,4,5,0
308,1,1,18,4,4,0,0,0,0,1,0,0,1,0,0,0,1,0,2,2,0,0,0,0,1,1,1,4,2,2,4,8
309,1,0,18,4,2,0,1,0,0,0,0,0,1,0,0,1,0,0,1,2,0,0,1,0,1,1,1,5,1,3,5,4
310,1,1,18,2,1,0,0,1,0,0,0,0,1,0,0,0,1,0,2,2,0,0,1,0,0,0,1,5,1,2,3,12
311,1,1,19,3,3,0,0,1,0,0,0,0,0,1,0,0,0,1,1,2,0,0,1,0,1,1,1,5,3,3,5,16
312,1,1,18,2,3,0,0,1,0,0,0,0,0,1,0,1,0,0,1,4,0,0,1,0,1,1,1,5,1,3,2,10
313,1,1,18,1,1,0,0,1,0,0,0,0,1,0,0,0,1,0,2,2,0,0,1,0,0,1,0,3,1,1,3,2
314,1,0,17,1,2,1,0,0,0,0,1,0,0,0,0,0,1,0,1,2,0,0,1,0,1,1,0,2,2,2,1,2
315,1,1,18,2,1,0,0,1,0,0,0,0,1,0,0,0,1,0,1,2,0,0,1,0,0,1,1,5,1,2,1,8
316,1,1,17,2,4,1,0,0,0,0,0,1,0,0,0,0,1,0,2,2,0,0,1,0,0,1,1,3,1,1,1,6
317,1,1,17,2,2,0,0,0,1,0,0,0,1,0,0,0,1,0,2,2,0,1,1,0,0,1,1,4,2,3,5,6
318,1,1,18,3,2,0,0,1,0,0,0,0,0,1,0,0,1,0,2,2,0,0,0,0,0,0,1,1,1,1,5,15
319,1,0,18,4,4,0,0,0,0,1,0,0,0,1,0,0,1,0,2,1,0,0,0,0,1,1,1,4,1,4,3,6
320,1,1,18,4,4,0,1,0,0,0,0,1,0,0,0,1,0,0,1,2,1,1,1,0,1,1,1,4,1,1,4,2
321,1,1,17,2,2,0,0,1,0,0,0,0,0,1,0,1,0,0,3,3,0,0,1,0,0,1,1,3,1,1,1,8
322,1,1,19,3,2,0,0,0,1,0,0,0,0,1,0,1,0,0,1,2,1,1,1,0,0,0,1,3,4,3,3,0
323,1,0,18,4,3,0,0,0,0,1,0,0,0,1,0,0,1,0,2,1,0,0,0,0,1,1,1,3,1,2,1,0
324,1,0,18,1,2,1,0,0,0,0,0,0,1,0,0,0,0,1,2,1,0,0,0,0,0,0,1,4,2,4,4,10
325,1,0,17,4,1,0,0,0,1,0,0,0,1,0,0,0,1,0,2,1,0,0,0,0,1,1,1,4,2,4,5,22
326,1,0,17,3,2,0,0,0,0,1,0,0,0,1,0,0,1,0,1,1,0,0,0,0,0,1,1,4,3,4,3,18
327,1,1,18,1,1,1,0,0,0,0,0,0,1,0,0,0,1,0,2,4,0,0,1,0,1,1,0,2,1,1,3,2
328,1,1,18,1,1,0,0,1,0,0,0,0,1,0,0,0,1,0,2,2,0,1,0,0,1,1,1,4,1,1,4,0
329,1,1,17,2,2,0,0,1,0,0,0,0,1,0,0,0,1,0,1,2,0,0,1,0,0,1,1,5,1,2,5,12
330,1,1,18,2,1,0,0,1,0,0,0,0,1,0,0,0,1,0,2,2,0,0,0,0,1,1,1,1,1,1,5,10
331,1,0,17,1,1,0,0,1,0,0,0,0,1,0,0,1,0,0,1,2,0,0,0,0,0,1,1,3,1,2,4,0
332,1,1,18,2,2,1,0,0,0,0,1,0,0,0,0,0,1,0,1,3,0,0,1,0,0,1,1,3,1,2,2,0
333,1,1,17,1,1,0,0,0,1,0,0,0,0,0,1,0,1,0,1,3,0,0,1,0,0,1,1,3,1,1,3,0
334,1,0,18,2,1,0,0,0,1,0,0,0,0,1,0,0,1,0,1,3,0,0,0,0,1,1,1,4,1,3,2,0
335,1,0,18,4,4,0,0,0,0,1,0,0,0,0,1,0,1,0,1,2,0,0,1,0,1,1,1,3,1,1,2,0
336,1,0,18,4,2,0,0,0,0,1,0,0,1,0,0,0,1,0,1,2,0,0,1,0,1,1,1,2,1,4,5,2
337,1,1,17,4,3,0,1,0,0,0,0,0,0,1,0,0,1,0,1,3,0,0,1,0,0,1,1,2,1,2,3,0
338,1,1,17,3,1,0,0,0,1,0,0,0,1,0,0,0,1,0,2,4,0,0,1,0,0,1,0,2,1,1,3,0
339,1,0,18,3,2,0,0,0,1,0,0,0,1,0,0,0,1,0,2,3,0,0,1,0,1,1,1,2,1,1,4,0
340,1,0,17,3,3,0,1,0,0,0,0,0,1,0,0,0,1,0,1,1,0,0,1,0,0,1,1,3,1,3,5,0
341,1,1,19,4,4,0,1,0,0,0,0,0,1,0,0,0,0,1,2,2,0,0,1,0,1,1,1,4,2,3,2,2
342,1,1,18,4,3,0,0,1,0,0,0,0,1,0,0,0,0,1,2,2,0,0,1,0,0,1,1,5,1,2,2,0
343,1,1,18,4,3,0,0,1,0,0,0,0,1,0,0,1,0,0,1,4,0,0,1,0,0,1,1,3,1,1,3,0
344,1,0,18,4,4,0,0,0,0,1,0,0,0,0,1,0,1,0,1,1,0,0,1,0,0,1,1,2,2,2,1,0
345,1,1,18,4,4,0,1,0,0,0,0,0,1,0,0,0,1,0,1,2,0,0,1,1,0,1,1,4,1,1,4,0
346,1,0,17,4,4,0,0,1,0,0,0,0,0,0,1,1,0,0,2,1,0,0,0,0,0,1,1,1,2,2,5,0
347,1,1,17,4,4,0,0,0,1,0,0,0,0,1,0,0,1,0,2,3,0,0,1,0,1,1,1,4,1,1,5,0
348,1,1,17,4,2,0,0,1,0,0,0,0,1,0,0,0,1,0,2,3,0,0,1,0,0,1,1,3,1,1,3,0
349,1,1,17,3,2,0,1,0,0,0,0,1,0,0,0,1,0,0,1,4,0,0,1,0,1,1,1,2,1,2,5,0
350,1,0,19,2,1,1,0,0,0,0,0,0,0,1,0,0,1,0,2,3,1,0,0,0,1,1,1,1,1,1,5,0
351,1,0,20,3,2,0,0,0,1,0,0,0,1,0,0,0,0,1,1,1,2,0,0,0,1,1,0,3,1,1,5,0
352,1,0,19,3,3,0,0,1,0,0,0,0,0,1,0,1,0,0,1,2,0,0,0,0,1,1,0,3,1,2,5,0
353,1,1,18,1,4,0,0,1,0,0,0,0,0,0,1,0,1,0,1,2,0,1,1,0,0,1,0,4,1,2,5,2
354,1,1,18,2,1,0,0,0,1,0,0,0,1,0,0,0,1,0,2,2,0,0,1,0,1,1,1,3,1,2,1,2
355,1,1,17,2,3,0,0,1,0,0,0,0,1,0,0,1,0,0,2,2,0,0,0,0,1,1,1,1,1,1,3,2
356,1,1,17,4,4,0,0,0,0,1,0,0,0,0,1,0,1,0,1,1,0,0,0,0,1,1,1,4,1,1,5,2
357,1,1,18,4,3,0,0,1,0,0,0,0,1,0,0,0,1,0,1,3,0,0,1,0,1,1,1,4,1,1,5,2
358,1,1,18,4,3,0,1,0,0,0,0,0,0,1,0,0,1,0,2,1,0,0,1,0,0,1,1,4,1,4,1,8
359,1,1,17,3,4,1,0,0,0,0,0,0,0,1,0,1,0,0,1,3,0,0,1,0,1,1,1,4,2,5,5,2
360,1,1,18,3,3,1,0,0,0,0,0,0,1,0,0,1,0,0,1,2,0,0,1,0,0,1,1,4,1,1,3,8
361,1,0,19,4,2,0,1,0,0,0,0,0,1,0,0,0,1,0,2,2,0,0,1,0,1,1,1,4,1,1,1,9
362,1,1,18,4,4,0,0,0,0,1,0,0,1,0,0,0,1,0,1,2,0,0,1,0,0,1,1,4,3,3,5,0
363,1,1,18,3,4,0,0,1,0,0,0,0,1,0,0,0,1,0,1,1,0,0,1,0,1,1,1,4,1,1,1,4
364,1,1,17,4,4,0,1,0,0,0,0,1,0,0,0,0,1,0,1,1,0,0,0,0,1,1,1,4,1,2,5,2
365,1,1,17,4,3,0,0,0,1,0,0,0,0,1,0,0,1,0,1,2,0,0,1,0,0,1,1,2,1,2,5,14
366,1,1,17,3,3,0,0,0,1,0,0,0,1,0,0,0,1,0,1,2,0,1,1,0,0,1,1,3,1,1,5,0
367,1,1,17,2,1,0,0,1,0,0,0,0,1,0,0,1,0,0,1,2,0,0,0,0,1,1,1,3,2,2,2,2
368,1,0,18,4,4,0,0,1,0,0,0,0,1,0,0,1,0,0,1,1,0,0,1,0,0,1,1,5,3,4,5,2
369,1,1,19,1,1,0,0,1,0,0,0,0,1,0,0,0,0,1,3,3,0,0,0,0,1,0,0,5,4,3,5,12
370,1,1,19,1,1,0,0,1,0,0,0,0,1,0,0,0,0,1,3,2,2,0,1,0,0,1,1,4,1,1,4,2
371,1,1,18,2,2,0,0,1,0,0,0,0,1,0,0,0,1,0,1,1,0,0,1,0,1,1,1,5,2,4,5,2
372,1,1,17,2,2,0,0,1,0,0,0,0,1,0,0,0,1,0,1,2,0,0,1,0,0,1,0,2,1,1,3,4
373,1,1,17,2,2,0,0,0,1,0,0,0,0,1,0,0,1,0,1,3,0,0,1,0,1,1,1,2,2,2,3,0
374,1,1,17,3,1,0,0,0,1,0,0,0,0,1,0,1,0,0,1,3,0,0,1,0,0,1,1,3,2,3,5,0
375,1,1,17,0,2,1,0,0,0,0,1,0,0,0,0,1,0,0,2,3,0,0,0,0,0,1,1,3,2,3,2,0
376,1,1,18,1,1,0,0,1,0,0,0,0,1,0,0,0,1,0,2,3,0,0,0,0,1,1,1,5,1,2,2,0
377,1,0,18,4,4,0,0,1,0,0,0,0,1,0,0,0,1,0,1,3,0,0,0,0,1,1,1,3,2,2,3,0
378,1,0,17,3,3,0,0,1,0,0,0,0,0,1,0,0,1,0,1,1,0,0,0,0,1,1,1,5,3,5,5,0
379,1,0,17,2,2,0,0,0,1,0,0,0,1,0,0,0,1,0,4,1,0,0,1,0,0,1,1,5,5,5,4,2
380,1,1,17,4,4,0,0,0,0,1,0,0,0,1,0,0,1,0,1,3,0,0,1,0,1,1,1,4,1,3,4,0
381,1,1,17,4,4,0,0,0,0,1,0,0,0,0,1,0,1,0,2,3,0,0,1,0,0,1,1,3,1,2,4,4
382,1,1,17,3,3,1,0,0,0,0,0,0,1,0,0,0,1,0,1,1,0,0,1,1,1,1,1,5,2,5,5,2
383,1,0,18,2,2,0,0,1,0,0,0,0,1,0,0,0,1,0,1,4,0,0,1,1,1,1,1,5,2,4,5,0
384,1,0,19,3,2,1,0,0,0,0,0,0,0,1,0,0,0,1,1,1,0,0,1,0,0,1,0,4,2,2,5,0
385,1,1,18,2,2,1,0,0,0,0,0,0,1,0,0,0,1,0,4,2,0,0,0,0,1,1,0,5,1,1,2,2
386,1,1,17,2,4,1,0,0,0,0,0,0,1,0,0,1,0,0,1,3,0,0,1,0,0,1,1,3,1,1,5,0
387,1,0,18,2,2,0,0,1,0,0,0,0,1,0,0,0,1,0,1,1,0,0,0,0,0,1,1,2,1,2,5,6
388,1,1,18,3,3,0,0,0,1,0,0,0,0,1,0,0,1,0,1,2,0,0,0,0,1,1,1,4,1,1,4,8
389,1,1,18,2,2,0,0,1,0,0,0,0,1,0,0,0,0,1,1,2,0,0,0,0,1,1,1,3,1,1,2,0
390,1,1,18,2,2,1,0,0,0,0,0,0,1,0,0,0,1,0,2,4,0,0,0,0,1,1,0,4,1,1,4,6
391,1,1,17,3,4,0,0,0,1,0,0,0,1,0,0,0,1,0,1,3,0,0,0,0,0,1,1,5,1,3,5,8
392,1,1,17,3,2,0,0,1,0,0,0,0,1,0,0,0,1,0,1,2,0,0,1,0,0,1,1,2,2,3,2,0
393,1,1,18,3,3,0,0,0,1,0,0,0,0,1,0,0,1,0,1,4,0,0,1,0,0,1,1,3,1,1,1,4
394,1,1,17,3,2,0,0,1,0,0,0,0,1,0,0,0,1,0,1,2,0,0,1,0,0,1,1,3,2,3,2,0
395,1,0,18,4,4,0,0,0,0,1,0,0,0,1,0,1,0,0,1,2,0,0,1,0,1,1,1,3,2,2,2,0
396,1,0,18,3,4,0,0,0,1,0,0,0,1,0,0,0,1,0,1,2,0,0,0,0,1,1,1,3,1,3,5,6
397,1,1,17,2,2,1,0,0,0,0,1,0,0,0,0,1,0,0,1,2,0,0,1,0,0,1,1,1,1,2,4,18
398,1,1,18,2,3,1,0,0,0,0,0,0,1,0,0,0,1,0,1,3,0,0,1,0,0,1,1,3,1,2,3,0
399,1,1,18,3,2,0,0,1,0,0,0,0,0,1,0,0,1,0,1,3,0,0,0,0,0,1,1,3,2,3,1,4
400,1,0,18,4,3,0,0,0,0,1,0,0,0,1,0,0,1,0,1,3,0,0,0,0,0,1,1,2,1,2,4,4
401,1,0,18,4,3,0,0,0,0,1,0,0,1,0,0,0,1,0,1,3,0,0,1,0,0,1,1,5,2,3,5,0
402,1,1,17,4,3,0,1,0,0,0,0,0,1,0,0,0,1,0,1,3,0,0,1,0,1,1,1,3,1,3,4,0
403,1,1,17,2,1,0,0,0,1,0,0,0,1,0,0,0,1,0,2,2,0,0,1,0,1,1,1,4,2,2,1,10
404,1,1,17,2,1,0,0,0,1,0,0,0,1,0,0,0,1,0,1,2,0,0,1,0,1,1,1,5,2,4,4,4
405,1,1,19,2,3,1,0,0,0,0,0,0,1,0,0,0,0,1,2,1,1,0,0,0,0,0,1,3,3,4,5,16
406,1,1,17,3,1,0,0,1,0,0,1,0,0,0,0,0,1,0,1,1,1,0,1,1,0,1,1,2,1,1,3,6
407,1,1,21,4,4,0,0,1,0,0,0,0,1,0,0,0,0,1,1,3,2,0,0,1,1,1,1,2,1,1,5,0
408,1,0,18,2,2,0,0,0,1,0,0,0,0,1,0,0,1,0,1,2,0,0,1,0,1,0,1,4,1,3,3,11
409,1,0,18,3,4,0,0,1,0,0,0,0,1,0,0,0,0,1,1,2,0,0,0,0,1,1,1,5,1,4,2,9
410,1,1,17,2,2,0,0,0,1,0,0,0,0,1,0,0,1,0,1,2,0,0,1,0,1,1,1,4,1,3,4,0
411,1,0,17,4,4,0,1,0,0,0,0,0,1,0,0,0,1,0,1,3,0,0,1,0,0,1,1,2,1,2,4,2
412,1,1,18,4,2,0,0,0,0,1,0,0,1,0,0,0,1,0,1,2,0,0,1,0,1,1,1,2,1,1,3,0
413,1,0,21,1,1,1,0,0,0,0,0,0,1,0,0,0,0,1,2,2,2,0,1,0,1,0,1,3,5,2,4,21
414,1,1,20,1,1,0,0,1,0,0,0,0,1,0,0,0,0,1,2,3,0,0,0,0,0,1,1,2,1,3,3,8
415,1,1,19,4,4,0,0,0,0,1,0,0,1,0,0,0,0,1,1,1,1,0,1,0,0,1,1,5,4,4,5,5
416,1,0,17,3,2,0,0,1,0,0,0,0,1,0,0,0,1,0,1,2,0,0,1,0,0,1,1,4,1,2,5,10
417,1,1,18,3,2,1,0,0,0,0,0,0,1,0,0,1,0,0,1,3,0,0,1,0,0,1,1,4,1,2,2,5
418,1,0,18,2,3,0,0,1,0,0,0,0,0,1,0,1,0,0,1,1,0,0,0,0,0,1,1,3,4,5,4,13
419,1,0,19,2,1,0,0,1,0,0,0,0,1,0,0,0,1,0,1,1,0,0,0,0,0,1,1,4,1,4,4,10
420,1,1,18,2,2,0,0,0,1,0,0,0,1,0,0,0,1,0,2,2,0,0,1,0,0,1,1,4,1,3,4,10
421,1,1,20,1,0,0,0,1,0,0,0,0,1,0,0,0,1,0,2,1,1,1,0,0,0,1,1,1,1,1,5,5
422,1,1,18,3,2,0,0,0,1,0,0,0,1,0,0,0,1,0,1,2,0,0,1,0,1,1,1,2,1,2,1,4
423,0,1,16,1,3,1,0,0,0,0,0,0,1,0,0,1,0,0,2,1,0,0,1,0,0,0,1,3,1,3,5,11
424,0,1,16,2,2,0,0,1,0,0,0,0,1,0,0,0,1,0,2,2,0,0,1,0,1,1,1,4,1,1,5,0
425,0,1,15,1,1,1,0,0,0,0,0,0,0,1,0,0,1,0,1,1,1,0,1,0,0,1,0,3,1,1,2,6
426,0,1,15,3,3,1,0,0,0,0,0,0,1,0,0,0,1,0,2,1,0,0,1,0,0,1,1,4,2,3,5,4
427,0,1,16,2,3,1,0,0,0,0,0,0,0,1,0,0,1,0,2,2,0,0,0,0,0,1,0,2,1,2,5,0
428,0,1,15,2,1,1,0,0,0,0,0,0,1,0,0,0,1,0,2,1,0,0,0,0,0,0,0,4,1,1,1,0
429,0,0,16,4,4,1,0,0,0,0,0,0,1,0,0,0,1,0,1,2,0,0,1,0,0,1,0,2,1,3,2,5
430,0,0,16,1,2,0,0,1,0,0,0,0,1,0,0,0,1,0,1,3,0,1,0,0,0,1,1,3,1,1,5,0
431,0,1,17,3,2,1,0,0,0,0,0,0,1,0,0,1,0,0,1,2,1,0,0,0,0,1,0,4,1,2,5,0
432,0,1,17,1,1,0,0,1,0,0,0,0,1,0,0,1,0,0,1,1,1,0,1,0,0,0,1,4,2,2,5,0
433,0,1,15,4,4,0,0,0,0,1,0,0,1,0,0,0,1,0,2,1,0,0,0,0,0,1,1,1,3,5,5,0
434,0,1,16,2,2,1,0,0,0,0,0,0,1,0,0,0,1,0,2,4,0,0,0,0,1,0,0,1,1,1,1,4
435,0,1,15,1,1,1,0,0,0,0,0,0,0,1,0,1,0,0,2,2,0,0,1,0,0,1,1,3,1,2,4,0
436,0,1,15,1,1,0,0,1,0,0,0,0,0,1,0,0,1,0,2,1,1,0,1,0,0,1,1,3,1,2,2,4
437,0,1,16,0,2,0,0,1,0,0,0,0,1,0,0,0,1,0,2,1,0,0,1,0,1,1,0,3,1,2,2,0
438,0,1,17,2,3,0,0,1,0,0,0,0,1,0,0,0,1,0,2,1,0,0,1,0,0,1,1,5,1,3,3,2
439,0,1,15,3,3,0,0,1,0,0,0,0,0,1,0,1,0,0,2,1,0,0,0,0,0,1,1,3,1,1,4,0
440,0,0,16,1,1,1,0,0,0,0,0,0,0,1,0,0,1,0,2,2,0,0,1,0,1,1,0,5,4,5,3,0
441,0,0,17,1,1,0,0,1,0,0,0,0,1,0,0,0,1,0,1,2,0,0,0,1,0,1,1,3,2,4,5,4
442,0,0,15,4,1,0,1,0,0,0,0,0,0,1,0,1,0,0,1,2,0,0,1,0,1,1,1,4,1,2,2,0
443,0,0,15,4,1,0,1,0,0,0,0,0,0,1,0,1,0,0,1,2,0,0,1,0,1,1,1,4,1,2,2,7
444,0,0,16,3,4,0,0,1,0,0,0,1,0,0,0,0,1,0,3,2,0,0,0,0,0,1,0,5,1,2,5,4
445,0,0,15,1,1,0,0,1,0,0,0,0,1,0,0,0,1,0,4,2,0,0,1,0,1,1,0,5,2,4,4,8
446,0,0,15,3,3,1,0,0,0,0,1,0,0,0,0,1,0,0,1,2,0,0,1,0,1,1,1,3,1,1,5,0
447,0,0,17,2,1,0,0,1,0,0,0,0,1,0,0,0,1,0,3,1,0,0,0,0,1,0,0,5,5,5,3,8
448,0,1,16,4,4,0,0,0,0,1,0,0,0,0,1,0,1,0,2,3,0,0,0,0,1,1,1,2,1,1,4,6
449,0,1,15,1,2,0,0,1,0,0,0,0,0,1,0,0,1,0,2,1,0,0,0,0,0,1,0,2,1,1,1,3
450,0,1,16,2,3,0,0,1,0,0,0,0,0,1,0,0,1,0,3,2,0,0,1,0,0,1,1,4,1,2,1,2
451,0,0,16,1,2,0,0,1,0,0,0,0,1,0,0,1,0,0,2,2,0,0,0,0,0,1,0,3,1,1,5,0
452,0,1,16,2,2,0,0,1,0,0,0,0,1,0,0,0,1,0,3,2,0,0,1,0,0,1,1,5,1,1,4,4
453,0,1,16,1,2,0,0,1,0,0,0,0,0,1,0,0,1,0,1,3,1,0,1,0,0,1,0,2,1,2,4,0
454,0,1,16,1,2,0,0,1,0,0,0,0,0,1,0,0,1,0,1,3,1,0,1,0,0,1,0,2,1,2,4,3
455,0,1,15,2,1,1,0,0,0,0,0,0,1,0,0,0,1,0,1,2,0,1,1,0,0,1,1,2,3,3,2,0
456,0,1,16,1,1,1,0,0,0,0,0,0,1,0,0,1,0,0,1,2,0,0,1,0,0,1,0,3,2,1,2,0
457,0,0,17,1,2,1,0,0,0,0,0,0,0,1,0,0,1,0,1,1,0,0,1,0,1,1,1,5,5,5,3,4
458,0,1,16,1,1,0,0,1,0,0,0,0,1,0,0,1,0,0,4,4,0,0,1,0,0,1,1,2,1,1,1,0
459,0,1,16,1,1,1,0,0,0,0,0,0,1,0,0,1,0,0,4,3,0,1,1,0,0,1,0,3,1,1,5,2
460,0,1,15,1,1,1,0,0,0,0,0,0,1,0,0,1,0,0,2,2,0,0,1,0,1,1,1,3,1,1,2,1
461,0,1,16,1,1,1,0,0,0,0,0,0,1,0,0,0,1,0,2,1,0,0,0,0,1,1,1,2,4,3,2,0
462,0,1,15,1,1,1,0,0,0,0,1,0,0,0,0,1,0,0,3,2,0,0,1,0,0,1,0,1,1,2,2,0
463,0,1,15,2,2,0,0,1,0,0,0,0,1,0,0,1,0,0,1,3,0,1,1,0,0,1,0,3,2,2,5,2
464,0,0,16,1,1,1,0,0,0,0,0,0,1,0,0,1,0,0,2,1,0,0,0,0,1,1,0,4,3,4,5,6
465,0,1,18,1,2,0,0,1,0,0,0,0,1,0,0,1,0,0,1,2,1,0,1,0,1,1,1,4,2,3,5,9
466,0,0,15,3,1,0,0,1,0,0,0,0,0,1,0,0,1,0,2,1,0,0,1,0,0,1,0,3,1,3,4,0
467,0,1,16,2,2,0,0,1,0,0,0,0,0,1,0,1,0,0,3,2,0,0,1,0,1,1,1,4,1,1,2,1
468,0,0,15,2,2,0,1,0,0,0,0,0,1,0,0,0,1,0,3,1,0,0,0,0,0,1,0,3,1,2,4,1
469,0,0,16,4,4,0,0,1,0,0,0,0,0,0,1,1,0,0,1,2,0,0,1,0,1,1,0,1,1,1,3,0
470,0,1,15,3,3,0,0,0,1,0,0,0,1,0,0,0,1,0,1,2,0,0,1,0,0,1,1,4,1,1,1,4
471,0,1,16,2,2,1,0,0,0,0,0,0,1,0,0,0,1,0,2,2,1,0,1,0,1,1,0,4,2,3,5,2
472,0,1,16,2,2,0,0,1,0,0,0,0,1,0,0,1,0,0,3,1,0,0,1,0,1,1,0,2,1,1,4,0
473,0,0,16,2,1,1,0,0,0,0,0,0,0,1,0,0,1,0,2,1,0,0,1,0,1,1,1,3,2,3,4,4
474,0,0,15,1,3,1,0,0,0,0,0,0,1,0,0,1,0,0,3,1,0,0,1,0,1,1,1,4,3,5,3,2
475,0,1,15,2,2,0,0,1,0,0,0,0,0,1,0,0,1,0,2,3,0,0,1,0,1,1,0,2,1,1,4,0
476,0,1,16,2,1,0,0,1,0,0,0,0,1,0,0,0,1,0,1,1,0,0,1,0,0,1,1,3,1,1,5,2
477,0,0,15,3,3,0,0,0,1,0,0,0,0,1,0,1,0,0,2,1,0,0,1,0,1,1,1,3,2,4,3,11
478,0,1,16,1,1,1,0,0,0,0,0,0,1,0,0,1,0,0,2,2,3,1,1,0,0,1,0,3,1,1,1,0
479,0,1,17,2,2,0,0,1,0,0,1,0,0,0,0,0,1,0,1,1,0,0,1,0,1,0,0,3,1,1,5,4
480,0,1,19,2,3,1,0,0,0,0,0,0,0,1,0,0,0,1,1,1,1,0,0,0,0,0,1,4,1,1,2,0
481,0,1,17,2,1,1,0,0,0,0,0,0,1,0,0,0,1,0,3,1,0,0,1,0,1,0,0,3,1,1,3,2
482,0,1,15,1,1,1,0,0,0,0,0,0,1,0,0,0,1,0,2,1,0,0,1,0,0,0,0,1,1,3,4,0
483,0,1,16,2,2,0,0,1,0,0,0,0,1,0,0,1,0,0,3,2,0,0,1,0,0,0,1,5,1,2,1,1
484,0,1,16,2,2,0,0,1,0,0,0,0,1,0,0,0,1,0,1,1,0,0,1,0,0,0,0,4,1,2,1,6
485,0,1,17,2,2,1,0,0,0,0,0,0,1,0,0,0,1,0,2,2,0,0,1,0,0,1,1,5,1,2,4,0
486,0,1,16,2,2,0,0,1,0,0,0,0,0,1,0,1,0,0,1,1,1,0,1,1,1,1,1,3,1,4,3,1
487,0,1,18,3,2,0,0,1,0,0,0,0,1,0,0,0,0,1,2,3,2,0,1,0,0,0,0,2,1,1,2,6
488,0,1,19,1,1,1,0,0,0,0,0,0,0,1,0,0,1,0,1,3,1,0,0,0,1,0,0,1,1,1,3,6
489,0,0,18,1,1,0,0,1,0,0,0,0,1,0,0,0,1,0,2,1,1,0,0,0,1,0,1,3,3,4,4,0
490,0,1,18,1,1,1,0,0,0,0,1,0,0,0,0,0,1,0,2,1,1,0,0,0,0,0,1,3,1,1,2,4
491,0,1,19,1,1,0,0,1,0,0,0,0,1,0,0,0,0,1,2,2,1,0,1,0,0,1,1,4,4,1,1,12
492,0,1,16,2,2,0,1,0,0,0,0,0,1,0,0,0,1,0,1,2,0,0,0,0,0,1,0,2,1,1,3,2
493,0,1,17,0,1,0,0,1,0,0,1,0,0,0,0,1,0,0,2,1,0,0,0,0,1,1,0,4,3,5,5,5
494,0,1,16,1,2,1,0,0,0,0,0,0,1,0,0,0,1,0,1,2,0,0,0,0,1,0,1,5,1,3,3,0
495,0,1,16,3,3,0,0,1,0,0,0,0,1,0,0,0,1,0,1,1,0,0,0,0,1,0,1,4,1,1,4,0
496,0,1,16,1,1,0,0,0,1,0,0,0,0,1,0,0,1,0,1,1,0,0,1,0,1,1,1,4,2,2,4,2
497,0,0,17,3,3,0,0,0,1,0,1,0,0,0,0,0,1,0,2,4,1,0,1,1,1,1,0,5,3,4,5,0
498,0,1,16,2,1,0,0,1,0,0,0,0,0,1,0,0,1,0,1,2,0,0,1,0,1,1,1,3,1,1,1,0
499,0,1,16,2,2,0,0,0,1,0,0,0,1,0,0,0,1,0,1,1,0,0,1,1,1,1,0,5,1,2,5,0
500,0,0,17,1,2,0,0,1,0,0,0,0,1,0,0,1,0,0,1,1,1,0,1,0,1,0,1,5,5,5,1,12
501,0,0,16,4,3,0,0,1,0,0,0,0,1,0,0,1,0,0,1,1,0,0,0,0,1,1,1,5,1,5,5,8
502,0,0,17,2,2,0,0,0,1,0,0,0,0,1,0,0,1,0,3,4,1,0,1,0,0,1,0,5,3,5,3,2
503,0,1,16,1,1,0,0,1,0,0,0,0,1,0,0,0,0,1,1,4,0,1,1,0,1,1,1,1,1,1,5,0
504,0,1,19,2,2,0,0,1,0,0,0,0,1,0,0,0,1,0,1,3,0,0,0,0,0,1,1,5,1,1,1,0
505,0,1,17,1,1,1,0,0,0,0,0,0,1,0,0,0,1,0,2,1,0,0,1,0,1,1,1,5,1,2,5,0
506,0,1,20,3,3,1,0,0,0,0,0,0,0,1,0,0,1,0,2,2,1,0,0,0,1,1,1,4,2,4,3,8
507,0,1,17,1,1,0,0,1,0,0,0,0,0,1,0,1,0,0,1,3,0,0,1,0,0,1,0,3,1,1,3,0
508,0,0,17,2,2,0,0,1,0,0,0,0,1,0,0,0,1,0,3,1,1,0,1,0,0,1,1,5,1,2,5,0
509,0,1,16,1,1,1,0,0,0,0,0,0,1,0,0,1,0,0,3,2,0,0,1,0,0,1,0,2,1,1,1,0
510,0,1,17,2,2,0,0,1,0,0,0,0,1,0,0,0,1,0,2,2,0,0,1,0,1,1,0,2,1,1,1,0
511,0,1,17,1,0,0,0,1,0,0,0,0,1,0,0,0,1,0,2,2,0,0,0,0,0,1,1,5,1,1,4,1
512,0,1,18,1,1,1,0,0,0,0,0,0,1,0,0,0,1,0,1,2,1,0,1,0,0,1,1,2,1,1,5,9
513,0,1,16,3,1,0,0,1,0,0,0,0,1,0,0,0,1,0,1,1,0,0,0,0,1,1,1,3,1,3,1,0
514,0,1,16,3,2,0,0,0,1,0,1,0,0,0,0,0,1,0,1,1,0,0,0,0,0,1,1,3,1,4,3,2
515,0,1,18,1,1,0,0,1,0,0,1,0,0,0,0,0,1,0,2,2,0,1,0,0,0,1,0,5,1,4,3,8
516,0,1,16,4,4,0,1,0,0,0,0,0,0,0,1,1,0,0,1,2,0,0,0,0,1,1,1,3,2,3,2,0
517,0,1,16,1,2,0,0,1,0,0,0,0,1,0,0,0,1,0,2,1,0,0,0,0,1,1,1,5,1,4,2,0
518,0,1,18,2,4,0,0,1,0,0,0,0,0,1,0,1,0,0,1,2,1,0,1,0,0,1,1,2,1,3,1,8
519,0,0,16,2,1,0,0,1,0,0,0,0,0,1,0,0,1,0,2,2,0,0,0,0,1,1,1,1,1,1,2,0
520,0,1,16,1,1,1,0,0,0,0,0,0,1,0,0,0,1,0,3,2,0,0,1,0,0,1,1,2,1,3,5,6
521,0,1,16,2,3,1,0,0,0,0,0,0,0,1,0,0,1,0,2,2,0,0,1,0,1,1,1,3,1,1,2,0
522,0,1,16,4,4,0,1,0,0,0,0,1,0,0,0,0,1,0,1,2,0,0,1,0,0,1,1,4,1,2,3,4
523,0,0,18,4,4,1,0,0,0,0,0,1,0,0,0,0,1,0,1,4,0,0,1,0,1,0,1,5,5,5,5,2
524,0,1,16,3,4,1,0,0,0,0,0,0,1,0,0,0,1,0,3,2,0,0,1,0,0,1,0,1,1,1,2,2
525,0,0,17,4,4,0,0,1,0,0,0,0,0,1,0,0,1,0,1,3,0,0,1,0,0,1,1,3,1,2,5,0
526,0,1,17,4,1,0,0,1,0,0,0,0,1,0,0,0,1,0,1,1,0,0,0,0,0,1,1,3,1,2,5,1
527,0,0,16,2,2,0,0,0,1,0,0,0,0,1,0,0,1,0,4,3,0,0,0,0,0,1,0,3,2,2,3,0
528,0,1,17,2,2,1,0,0,0,0,0,0,1,0,0,0,1,0,1,1,0,0,1,1,0,1,1,3,1,2,5,5
529,0,1,16,4,4,0,0,0,1,0,0,0,0,1,0,1,0,0,2,1,0,0,1,0,0,1,0,3,1,2,5,1
530,0,0,17,3,3,0,0,0,1,0,0,0,0,1,0,0,1,0,1,1,0,0,1,0,1,1,1,4,5,5,3,8
531,0,0,17,1,1,1,0,0,0,0,0,0,0,1,0,0,1,0,3,2,0,0,0,0,0,1,1,3,3,3,1,0
532,0,0,16,2,1,0,1,0,0,0,0,0,0,1,0,0,1,0,2,2,0,0,0,0,0,1,1,2,1,4,5,2
533,0,1,16,2,1,0,0,1,0,0,0,0,0,1,0,0,1,0,1,2,0,0,0,0,0,1,1,2,1,1,3,0
534,0,0,16,4,4,0,0,0,0,1,0,1,0,0,0,1,0,0,1,1,0,0,1,0,0,1,1,2,2,5,5,0
535,0,0,15,1,2,0,0,1,0,0,0,0,0,1,0,0,1,0,3,2,0,0,1,0,1,1,0,5,1,3,5,11
536,0,0,15,2,2,0,0,1,0,0,0,0,1,0,0,0,1,0,3,4,0,0,1,0,1,1,0,5,2,3,5,8
537,0,0,15,2,1,0,0,0,1,0,0,0,0,1,0,0,1,0,1,1,0,0,0,0,1,1,1,3,1,2,5,11
538,0,1,16,2,2,0,0,1,0,0,0,0,1,0,0,0,1,0,1,3,0,0,1,0,0,1,0,3,2,2,5,2
539,0,1,16,4,1,0,0,1,0,0,0,0,1,0,0,0,1,0,2,2,0,0,1,0,1,1,1,4,2,2,1,8
540,0,1,17,3,2,1,0,0,0,0,0,0,1,0,0,0,1,0,2,1,0,0,0,0,0,1,0,3,2,2,1,5
541,0,1,17,2,2,0,0,1,0,0,0,0,1,0,0,0,1,0,2,2,0,1,0,1,0,1,0,3,1,1,5,0
542,0,1,16,4,4,0,0,0,0,1,0,0,0,1,0,0,1,0,2,3,0,0,1,0,0,1,1,5,1,4,5,1
543,0,0,17,4,4,0,1,0,0,0,0,0,1,0,0,1,0,0,3,1,3,0,0,0,1,1,1,3,1,3,5,2
544,0,0,17,1,3,0,0,1,0,0,0,0,1,0,0,1,0,0,2,1,0,0,0,0,1,1,0,2,3,3,5,2
545,0,0,17,3,4,0,0,0,1,0,0,0,1,0,0,0,1,0,1,2,1,0,1,0,1,1,1,4,3,4,5,8
546,0,1,17,4,4,0,1,0,0,0,0,1,0,0,0,1,0,0,1,2,0,0,1,0,0,1,1,5,1,1,5,0
547,0,0,16,4,1,0,0,1,0,0,1,0,0,0,0,1,0,0,1,1,0,0,0,0,0,1,1,2,2,1,2,0
548,0,1,17,1,1,1,0,0,0,0,1,0,0,0,0,0,1,0,1,2,0,0,0,0,1,1,1,5,1,2,3,2
549,0,1,17,4,2,0,0,1,0,0,0,0,1,0,0,0,1,0,2,2,0,1,1,0,0,1,1,3,2,3,5,0
550,0,0,16,2,2,0,0,1,0,0,0,0,0,1,0,1,0,0,2,2,0,0,1,0,0,1,1,2,2,2,5,0
551,0,0,17,3,2,0,0,1,0,0,0,0,1,0,0,1,0,0,2,2,0,0,1,1,0,1,1,2,2,2,1,0
552,0,0,19,1,1,0,0,1,0,0,0,0,1,0,0,0,1,0,1,2,2,0,1,0,1,0,1,3,3,4,4,2
553,0,0,17,1,0,0,0,1,0,0,0,0,1,0,0,0,1,0,1,1,0,0,0,0,0,1,0,2,1,1,5,4
554,0,1,17,1,1,1,0,0,0,0,1,0,0,0,0,1,0,0,2,1,0,0,1,0,1,0,1,5,2,2,4,3
555,0,1,16,1,2,0,0,1,0,0,0,0,1,0,0,1,0,0,1,3,0,1,1,0,0,1,1,4,1,1,3,5
556,0,0,16,1,2,0,0,1,0,0,1,0,0,0,0,0,1,0,1,1,0,0,0,0,0,1,0,4,2,4,5,4
557,0,1,17,3,1,0,0,1,0,0,0,0,1,0,0,0,1,0,2,2,3,0,1,0,1,1,1,4,1,1,5,2
558,0,0,17,2,2,0,0,1,0,0,0,0,1,0,0,0,1,0,2,1,0,0,0,0,1,0,0,5,3,5,5,0
559,0,0,18,1,0,1,0,0,0,0,1,0,0,0,0,0,0,1,3,1,1,1,1,0,0,1,0,2,1,1,4,0
560,0,0,17,1,1,0,0,1,0,0,0,0,0,1,0,0,1,0,2,1,0,0,1,0,1,1,1,5,1,3,2,0
561,0,0,18,1,1,1,0,0,0,0,1,0,0,0,0,0,1,0,2,2,0,0,1,0,1,1,0,3,1,4,5,6
562,0,1,16,2,2,0,0,1,0,0,0,0,0,1,0,1,0,0,1,2,0,0,0,0,1,1,0,3,1,1,1,0
563,0,0,17,2,2,0,0,1,0,0,0,0,1,0,0,0,1,0,1,1,1,0,0,0,1,1,0,1,2,3,5,0
564,0,0,16,3,2,0,0,0,1,0,0,0,1,0,0,1,0,0,2,1,0,0,0,0,0,1,1,5,2,3,5,2
565,0,0,16,1,1,1,0,0,0,0,0,0,1,0,0,0,1,0,2,1,0,0,0,0,1,1,1,5,2,4,5,0
566,0,0,18,1,1,0,0,0,1,0,0,0,1,0,0,0,0,1,2,1,1,0,1,0,0,0,1,3,2,3,5,2
567,0,0,18,3,2,0,0,0,1,0,0,0,1,0,0,0,1,0,1,1,1,0,0,0,0,0,1,1,2,2,5,0
568,0,0,19,3,2,1,0,0,0,0,0,0,0,1,0,0,1,0,2,1,3,0,0,0,1,1,0,1,1,1,3,4
569,0,0,18,3,3,1,0,0,0,0,1,0,0,0,0,0,1,0,1,2,2,0,1,0,1,0,1,5,1,3,3,9
570,0,0,16,2,2,0,0,0,1,0,0,0,0,1,0,0,1,0,2,1,0,0,1,0,1,1,1,3,2,4,4,6
571,0,0,19,2,1,1,0,0,0,0,0,0,1,0,0,0,0,1,2,1,3,0,0,0,1,0,1,3,1,3,5,4
572,0,1,16,3,2,0,0,0,1,0,1,0,0,0,0,0,1,0,2,2,2,0,1,0,1,1,0,5,1,1,1,8
573,0,1,17,1,1,0,0,1,0,0,1,0,0,0,0,0,1,0,1,1,0,0,1,0,1,1,0,2,1,2,5,9
574,0,0,20,1,1,0,0,1,0,0,0,0,1,0,0,0,0,1,2,1,1,0,1,0,0,0,1,3,2,4,4,12
575,0,1,18,4,3,0,0,0,1,0,0,0,0,1,0,0,1,0,1,1,0,0,1,0,0,1,1,4,3,4,2,8
576,0,0,18,3,2,0,0,1,0,0,0,0,1,0,0,0,1,0,2,1,0,0,1,0,0,1,1,5,5,5,5,8
577,0,0,19,1,1,0,0,1,0,0,0,0,0,1,0,0,0,1,3,2,1,0,0,0,0,1,1,4,3,3,2,8
578,0,0,17,3,3,0,1,0,0,0,0,0,1,0,0,0,1,0,2,2,1,0,1,0,0,1,1,4,2,3,3,4
579,0,0,18,1,3,1,0,0,0,0,0,0,0,1,0,0,1,0,1,1,0,0,0,0,0,0,1,3,2,3,3,0
580,0,0,19,1,1,0,0,1,0,0,0,0,1,0,0,0,0,1,3,1,1,0,1,0,0,1,1,4,3,3,5,4
581,0,1,18,1,2,1,0,0,0,0,0,0,1,0,0,0,1,0,2,2,2,0,1,0,0,1,0,3,1,1,5,2
582,0,1,19,1,1,1,0,0,0,0,0,0,1,0,0,0,1,0,1,1,0,0,1,0,0,0,0,4,1,1,5,0
583,0,1,18,2,2,0,0,1,0,0,0,0,1,0,0,0,1,0,2,1,1,0,0,0,0,0,1,5,1,1,3,0
584,0,1,17,0,0,1,0,0,0,0,0,0,1,0,0,0,1,0,2,1,0,0,1,0,0,1,1,3,1,1,5,0
585,0,1,17,3,1,0,0,1,0,0,1,0,0,0,0,0,0,1,2,3,0,0,1,1,0,0,0,3,2,2,3,5
586,0,1,17,4,2,0,0,0,0,1,0,0,0,1,0,0,1,0,1,2,0,1,1,0,1,1,1,5,1,3,5,0
587,0,1,18,2,2,0,0,0,1,0,0,0,0,1,0,0,1,0,1,2,1,0,1,0,1,1,1,3,1,2,4,3
588,0,1,17,4,1,0,1,0,0,0,1,0,0,0,0,0,1,0,1,1,0,0,1,0,0,1,0,2,1,1,5,0
589,0,1,17,1,2,1,0,0,0,0,0,0,1,0,0,1,0,0,1,1,0,0,0,0,0,1,1,1,1,1,3,0
590,0,1,18,1,1,0,0,1,0,0,0,0,1,0,0,0,1,0,3,2,2,0,0,0,1,1,0,4,2,2,5,3
591,0,1,18,2,2,0,0,0,1,0,1,0,0,0,0,1,0,0,2,2,0,0,0,0,1,1,1,5,1,1,1,2
592,0,1,17,3,3,0,0,0,1,0,0,0,0,1,0,0,1,0,2,1,0,0,1,0,0,1,1,3,1,1,4,0
593,0,1,18,1,2,1,0,0,0,0,0,0,1,0,0,0,1,0,2,2,0,0,0,0,0,1,1,3,1,2,4,0
594,0,1,18,4,4,0,0,0,0,1,0,0,0,0,1,0,1,0,2,2,0,0,0,0,1,1,1,5,1,2,1,0
595,0,0,18,4,4,0,0,0,1,0,0,0,1,0,0,0,1,0,1,1,0,0,1,0,1,1,1,5,1,1,5,3
596,0,1,17,4,2,0,0,1,0,0,0,0,1,0,0,0,1,0,2,2,0,0,1,0,0,1,1,3,1,2,4,0
597,0,1,18,2,2,1,0,0,0,0,0,0,1,0,0,0,1,0,3,2,1,0,0,0,1,1,0,3,1,1,4,0
598,0,0,18,1,2,1,0,0,0,0,0,0,0,1,0,0,1,0,2,1,0,0,1,0,0,1,0,4,5,5,1,8
599,0,0,18,4,4,1,0,0,0,0,0,0,0,1,0,0,1,0,3,1,0,0,1,1,1,1,1,5,1,1,1,5
600,0,0,17,1,1,0,0,1,0,0,0,0,0,1,0,1,0,0,3,1,0,0,0,0,0,0,0,3,3,4,4,4
601,0,1,18,2,2,0,0,1,0,0,0,0,1,0,0,0,1,0,2,2,0,0,1,0,0,1,1,1,1,1,2,4
602,0,1,18,2,2,0,0,0,1,0,0,0,0,1,0,1,0,0,2,3,0,0,0,0,0,1,1,5,1,4,3,0
603,0,1,18,4,2,0,0,0,0,1,0,0,1,0,0,0,1,0,1,2,0,0,0,0,1,1,1,1,1,1,5,0
604,0,1,18,1,1,1,0,0,0,0,0,0,0,1,0,0,1,0,3,2,1,0,0,0,0,0,0,2,1,2,2,2
605,0,1,19,1,1,1,0,0,0,0,0,0,0,1,0,1,0,0,2,1,1,0,0,0,0,0,0,5,2,3,2,0
606,0,1,17,4,2,0,0,0,0,1,0,0,1,0,0,1,0,0,2,4,0,0,0,0,0,1,1,3,3,1,5,0
607,0,1,17,2,1,0,0,0,1,0,0,0,1,0,0,0,1,0,2,2,0,0,0,0,1,1,1,3,1,2,2,5
608,0,1,18,1,1,1,0,0,0,0,0,0,0,1,0,0,1,0,1,2,0,0,0,0,0,1,0,3,1,2,3,2
609,0,1,18,1,2,1,0,0,0,0,1,0,0,0,0,1,0,0,2,2,0,0,1,0,0,0,0,1,1,1,4,0
610,0,1,19,1,1,1,0,0,0,0,1,0,0,0,0,0,0,1,2,2,3,0,1,0,1,0,0,4,1,4,1,0
611,0,1,18,2,2,0,0,0,1,0,0,0,1,0,0,0,1,0,2,3,0,0,0,0,0,1,1,1,1,1,4,5
612,0,0,17,4,3,0,0,0,1,0,0,0,1,0,0,0,1,0,2,2,1,0,1,1,1,1,1,5,1,3,2,4
613,0,1,18,3,3,0,0,0,1,0,0,0,0,1,0,1,0,0,1,2,0,0,1,0,0,1,0,4,1,1,5,0
614,0,1,17,4,4,0,0,0,0,1,0,0,0,1,0,1,0,0,2,2,0,0,1,1,1,1,1,3,1,2,5,2
615,0,1,17,3,2,0,0,0,1,0,0,0,1,0,0,0,1,0,2,2,0,0,0,0,0,1,0,3,1,2,5,0
616,0,0,18,1,1,0,0,1,0,0,0,0,0,1,0,1,0,0,2,1,0,0,0,0,0,1,1,2,1,2,3,2
617,0,1,18,1,1,1,0,0,0,0,0,0,0,1,0,1,0,0,2,3,0,0,0,0,0,1,1,2,1,1,4,0
618,0,1,18,1,2,1,0,0,0,0,0,0,1,0,0,0,1,0,3,2,0,0,0,0,0,1,0,4,1,4,5,0
619,0,1,18,3,3,0,0,0,1,0,0,0,0,1,0,0,1,0,2,2,0,0,1,0,0,1,1,2,1,3,3,6
620,0,1,17,4,4,1,0,0,0,0,1,0,0,0,0,0,1,0,1,2,0,0,1,0,1,1,1,4,1,1,1,4
621,0,1,17,1,2,0,0,1,0,0,0,0,0,1,0,1,0,0,2,2,0,0,0,0,0,1,0,2,1,2,3,0
622,0,0,18,1,3,1,0,0,0,0,0,0,1,0,0,0,1,0,2,2,0,0,1,1,0,1,0,4,2,4,3,0
623,0,0,18,4,4,0,0,0,0,1,0,0,0,1,0,0,1,0,2,3,0,0,0,0,0,1,1,2,2,2,5,0
624,0,1,17,1,1,0,0,1,0,0,0,0,0,1,0,0,1,0,3,1,1,0,1,0,0,1,1,1,1,2,1,0
625,0,1,18,2,3,1,0,0,0,0,0,0,0,1,0,1,0,0,2,1,0,0,1,0,0,1,1,3,1,2,4,0
626,0,1,18,4,4,0,0,1,0,0,0,0,0,0,1,1,0,0,3,2,0,0,1,0,0,1,1,2,4,2,5,0
627,0,0,18,1,2,1,0,0,0,0,0,0,0,1,0,1,0,0,3,1,0,0,1,0,1,0,1,3,2,3,3,3
628,0,1,17,2,2,0,0,1,0,0,1,0,0,0,0,0,1,0,1,3,0,0,0,0,1,1,0,3,1,1,3,8
629,0,1,17,1,2,0,0,1,0,0,0,0,1,0,0,0,1,0,1,1,0,0,0,0,1,1,1,5,1,3,1,4
630,0,1,18,4,4,0,0,1,0,0,0,0,1,0,0,0,1,0,2,3,0,0,0,0,0,1,1,4,1,1,1,0
631,0,1,18,1,1,0,0,1,0,0,0,0,1,0,0,0,1,0,4,3,0,0,0,0,0,1,1,2,1,2,4,4
632,0,1,19,1,1,1,0,0,0,0,0,0,1,0,0,0,0,1,2,2,1,0,1,0,0,1,1,3,1,1,3,4
633,0,1,18,4,4,0,0,0,0,1,0,0,0,1,0,0,1,0,1,2,0,0,0,0,1,1,1,3,3,4,2,1
634,0,1,18,3,3,0,0,1,0,0,0,0,1,0,0,0,1,0,1,2,0,0,0,0,0,1,1,3,1,2,1,1
635,0,1,17,3,1,1,0,0,0,0,0,0,1,0,0,0,1,0,1,2,0,0,1,0,1,1,1,4,2,3,1,10
636,0,0,18,4,4,0,0,0,0,1,0,0,0,0,1,1,0,0,1,2,0,0,0,0,1,1,1,4,1,4,2,4
637,0,0,18,2,1,0,0,1,0,0,0,0,1,0,0,0,1,0,2,1,0,0,0,0,1,1,1,3,1,3,5,0
638,0,0,17,2,3,0,0,1,0,0,0,0,0,1,0,1,0,0,2,2,0,0,0,0,1,1,1,3,1,1,3,4
639,0,0,19,1,1,0,0,1,0,0,0,0,0,1,0,0,1,0,2,1,1,0,0,0,0,1,0,2,1,3,5,0
640,0,0,18,4,2,0,0,1,0,0,0,0,1,0,0,1,0,0,2,1,1,0,0,1,0,1,0,3,4,3,3,0
641,0,1,18,2,2,1,0,0,0,0,0,0,1,0,0,0,1,0,2,3,0,0,0,0,0,1,0,3,1,3,4,0
642,0,1,17,4,3,0,0,0,0,1,0,0,1,0,0,0,1,0,2,2,0,0,0,0,0,1,1,4,1,1,1,0
643,0,1,18,4,4,0,0,0,0,1,1,0,0,0,0,0,1,0,3,1,0,0,1,0,1,1,1,3,2,2,5,4
644,0,1,19,2,3,0,0,0,1,0,0,0,1,0,0,0,1,0,1,3,1,0,0,0,1,1,1,2,1,2,5,4
645,0,1,18,3,1,0,0,0,0,1,0,0,0,1,0,0,1,0,1,2,0,0,1,0,0,1,1,4,1,1,1,4
646,0,1,18,1,1,0,0,1,0,0,0,0,1,0,0,0,1,0,2,2,0,0,0,0,1,1,0,1,1,1,5,6
647,0,0,17,3,1,0,0,0,1,0,0,0,0,1,0,0,1,0,2,1,0,0,0,0,0,1,1,5,3,4,2,6
648,0,0,18,3,2,0,0,0,1,0,0,0,1,0,0,0,1,0,3,1,0,0,0,0,0,1,1,1,3,4,5,4
